,Codigo,lon,lat,Profundidad,Flujo_calor,Pesos,Flux_x_wts
0,27HF23,-86.86669999999998,3.5372222219999996,-2136.0,65.85,0.9422313853826083,62.045936727444754
1,28HF24,-86.99115,2.9509888890000004,-2870.0,267.0,0.7922697878403634,211.53603335337704
2,29HF25,-86.90679999999999,2.720538889,-2690.0,211.0,0.7922697878403634,167.16892523431667
3,31HF27,-87.0196,2.1509888889999997,-2824.0,187.0,0.6606851026842488,123.54811420195453
4,32HF28,-87.0529,2.0343055555,-2503.0,234.0,0.6606851026842488,154.60031402811424
5,33HF29,-86.83429999999998,2.3029166665,-2878.0,196.0,0.7922697878403634,155.28487841671122
6,34HF30,-86.851,2.5019277779999998,-3096.0,21.9,0.7922697878403634,17.350708353703958
7,35HF31,-86.87545,2.688211111,-2721.0,48.8,0.7922697878403634,38.66276564660973
8,37HF33,-87.2196,2.5333166665,-2906.0,10.95,0.7922697878403634,8.675354176851979
9,38HF34,-87.25195,2.337222222,-2736.0,188.0,0.7922697878403634,148.9467201139883
10,39HF35,-87.43719999999999,2.5529166665,-2590.0,53.1,0.7922697878403634,42.0695257343233
11,40HF36,-87.49115,2.6420666665,-1910.0,105.0,0.7922697878403634,83.18832772323816
12,42HF37,-87.58429999999998,2.3548444445,-2593.0,143.0,0.7922697878403634,113.29457966117197
13,43HF38,-87.73819999999999,2.3234555555,-2580.0,159.0,1.1477032432738214,182.48481568053762
14,44HF39,-87.8725,2.567622222,-2682.0,18.2,1.1477032432738214,20.88819902758355
15,46HF41,-88.62444999999998,5.2696000000000005,-3050.0,148.0,2.9996897645233376,443.954085149454
16,A254-1,-83.42545000000001,4.8843055555,-3395.0,154.0,1.3405093990061372,206.43844744694513
17,AC9-52,-82.6833,-2.5333333330000003,-2957.0,117.0,3.375939705049899,394.9849454908382
20,AL721.11,-86.09205,0.6058333335,-2706.0,402.0,0.20919566720372668,84.09665821589812
21,AL721.12,-86.09205,0.606822222,-2728.0,339.0,0.20919566720372668,70.91733118206335
22,AL721.13,-86.09205,0.606822222,-2723.0,352.0,0.20919566720372668,73.6368748557118
23,AL721.14,-86.09205,0.606822222,-2719.0,1398.0,0.20919566720372668,292.4555427508099
25,AL721.2,-86.09205,0.6058333335,-2730.0,402.0,0.20919566720372668,84.09665821589812
26,AL721.3,-86.09205,0.6058333335,-2734.0,268.0,0.20919566720372668,56.06443881059875
27,AL721.4,-86.09205,0.6058333335,-2734.0,908.0,0.20919566720372668,189.94966582098382
28,AL721.5,-86.09205,0.6058333335,-2723.0,628.0,0.20919566720372668,131.37487900394035
29,AL721.6,-86.09205,0.6058333335,-2713.0,1398.0,0.20919566720372668,292.4555427508099
30,AL721.7,-86.09115,0.6058333335,-2708.0,1222.0,0.20919566720372668,255.637105322954
32,AL721.9,-86.09205,0.606822222,-2719.0,557.0,0.20919566720372668,116.52198663247576
33,AL732.1,-86.12545,0.63915,-2734.0,88.0,0.20919566720372668,18.40921871392795
35,AL732.2,-86.12545,0.637222222,-2745.0,92.0,0.20919566720372668,19.246001382742854
36,AL732.3,-86.12545,0.6362333335,-2768.0,176.0,0.20919566720372668,36.8184374278559
37,AL732.4,-86.12545,0.6352944444999999,-2769.0,113.0,0.20919566720372668,23.639110394021113
38,AL732.5,-86.12545,0.6343055555,-2674.0,251.0,0.20919566720372668,52.508112468135394
39,AL732.6,-86.12545,0.6254333335,-2670.0,92.0,0.20919566720372668,19.246001382742854
40,AL732.7,-86.1333,0.6244444444999999,-2676.0,193.0,0.20919566720372668,40.37476377031925
41,AL732.8,-86.1343,0.6244444444999999,-2670.0,1030.0,0.20919566720372668,215.47153721983847
42,AL732.9,-86.1353,0.6234555555,-2672.0,33.0,0.20919566720372668,6.90345701772298
43,AL734.1,-86.08914999999999,0.5686111110000001,-2721.0,1046.0,0.20919566720372668,218.81866789509812
45,AL734.2,-86.08914999999999,0.5696,-2734.0,1147.0,0.20919566720372668,239.9474302826745
46,AL734.3,-86.08914999999999,0.5696,-2734.0,988.0,0.20919566720372668,206.68531919728196
48,AL734.5,-86.09015,0.5696,-2745.0,27.0,0.20919566720372668,5.64828301450062
52,AL734.9,-86.09999999999998,0.5754333335,-2730.0,239.0,0.20919566720372668,49.99776446169068
53,AV21-29,-90.4667,-1.8333333330000001,-3334.0,139.0,8.744276164961951,1215.4543869297113
54,C11-133,-85.81699999999998,-1.517,-2573.0,101.0,1.2952946877929272,130.82476346708566
55,C13-27,-94.4667,4.9833,-3488.0,11.0,5.006948651919013,55.076435171109146
56,C13-28,-94.1333,1.8167,-2659.0,15.0,5.151167122623721,77.26750683935582
57,C13-29,-90.9333,4.75,-3034.0,26.0,3.1761792761823786,82.58066118074184
58,C13-30,-87.75,2.8666833335,-2239.0,121.0,1.1477032432738214,138.8720924361324
59,C13-31,-85.15,-1.0,-2407.0,24.15,1.3229856612768394,31.950103719835667
60,C13-32,-82.4333,4.4667,-3550.0,17.0,2.107969716466462,35.835485179929854
61,C13-6,-95.65,0.1333,-3250.0,136.0,11.254145401981559,1530.563774669492
62,C13-7,-98.6833,-0.5333,-3254.0,333.0,18.069458065508545,6017.129535814345
63,C13-8,-101.3667,-1.2,-3301.0,78.0,31.898401805166483,2488.0753408029855
64,C21-14A,-83.76759999999999,1.1666833335,-3461.0,224.0,0.26410855495223645,59.16031630930097
65,C21-14B,-83.74205,1.1744444445,-3407.0,210.0,0.26410855495223645,55.46279653996965
66,C21-14C,-83.75099999999999,1.1852944445000002,-3395.0,254.0,0.26410855495223645,67.08357295786806
67,C21-14D,-83.74115,1.191127778,-3446.0,185.0,0.26410855495223645,48.86008266616374
68,C21-14E,-83.74115,1.201927778,-3463.0,155.0,0.26410855495223645,40.93682601759665
69,C21-14F,-83.75,1.2166833334999998,-3480.0,218.0,0.26410855495223645,57.57566497958754
70,C21-14G,-83.75,1.2166833334999998,-3472.0,216.0,0.26410855495223645,57.047447869683076
71,C21-14H,-83.75099999999999,1.2352944445,-3422.0,181.0,0.26410855495223645,47.8036484463548
72,C21-14I,-83.75289999999998,1.250988889,-3425.0,196.0,0.26410855495223645,51.765276770638344
73,C21-15A,-83.7568,1.4009888890000002,-3540.0,162.0,0.3125489538390634,50.63293052192827
74,C21-15B,-83.75585000000001,1.3744444445,-3531.0,193.0,0.3125489538390634,60.32194809093924
75,C21-15C,-83.7568,1.3577611109999999,-3497.0,185.0,0.3125489538390634,57.82155646022673
76,C21-15D,-83.75389999999999,1.35,-3489.0,190.0,0.3125489538390634,59.38430122942204
77,C21-15E,-83.75389999999999,1.3225166664999999,-3456.0,182.0,0.3125489538390634,56.883909598709536
78,C21-15F,-83.75585000000001,1.317622222,-3429.0,179.0,0.3125489538390634,55.94626273719235
79,C21-15G,-83.75585000000001,1.2862333335,-3433.0,300.0,0.3125489538390634,93.76468615171902
80,C21-15H,-83.75389999999999,1.267622222,-3459.0,187.0,0.3125489538390634,58.446654367904856
81,C21-15I,-83.75195,1.250988889,-3440.0,192.0,0.26410855495223645,50.7088425508294
82,C21-16A,-83.65775,1.170538889,-3384.0,180.0,0.26410855495223645,47.53953989140256
83,C21-16B,-83.68529999999998,1.168611111,-3407.0,174.0,0.26410855495223645,45.954888561689145
84,C21-16C,-83.70389999999999,1.1666833335,-3425.0,198.0,0.26410855495223645,52.29349388054282
85,C21-16D,-83.7196,1.1577611110000001,-3437.0,172.0,0.26410855495223645,45.42667145178467
86,C21-16E,-83.73624999999998,1.1558333335,-3456.0,195.0,0.26410855495223645,51.50116821568611
87,C21-16F,-83.74015,1.1558333335,-3459.0,175.0,0.26410855495223645,46.218997116641376
88,C21-16G,-83.75585000000001,1.1558333335,-3463.0,193.0,0.26410855495223645,50.97295110578163
89,C21-16H,-83.7667,1.1558333335,-3459.0,220.0,0.26410855495223645,58.10388208949202
90,C21-16I,-83.78329999999998,1.1558333335,-3459.0,236.0,0.26410855495223645,62.3296189687278
91,C21-16J,-83.8039,1.156822222,-3455.0,226.0,0.26410855495223645,59.68853341920544
92,C21-16K,-83.82249999999999,1.1577611110000001,-3463.0,230.0,0.26410855495223645,60.744967639014384
93,C21-17A,-83.80194999999999,1.9420666665000001,-3361.0,14.0,0.3125489538390634,4.375685353746888
94,C21-17B,-83.80099999999999,1.8352944445000001,-3179.0,101.0,0.3125489538390634,31.567444337745403
95,C21-17C,-83.80099999999999,1.8577611109999999,-3299.0,50.0,0.3125489538390634,15.62744769195317
96,C21-17D,-83.79115,1.8754333334999997,-3376.0,66.0,0.3125489538390634,20.628230953378186
97,C21-17E,-83.8176,1.906822222,-3356.0,88.0,0.3125489538390634,27.504307937837577
98,C21-17F,-83.80874999999999,1.921527778,-3504.0,35.0,0.3125489538390634,10.93921338436722
99,C21-17G,-83.80775,1.9352944445000002,-3527.0,9.0,0.3125489538390634,2.8129405845515705
100,C21-17H,-83.80680000000001,1.938211111,-3450.0,11.0,0.3125489538390634,3.438038492229697
101,C21-17I,-83.80485,1.951927778,-3370.0,23.0,0.3125489538390634,7.188625938298458
102,C21-17J,-83.80485,1.95875,-3356.0,27.0,0.3125489538390634,8.438821753654711
103,C21-17K,-83.80485,1.9725166665,-3122.0,55.0,0.3125489538390634,17.190192461148488
104,C21-17L,-83.8029,1.991127778,-3277.0,108.0,0.3125489538390634,33.755287014618844
105,C21-18A,-83.79015000000001,1.6725166665,-3158.0,60.0,0.3125489538390634,18.752937230343804
106,C21-18B,-83.79115,1.700988889,-3101.0,96.0,0.3125489538390634,30.004699568550087
107,C21-18C,-83.8029,1.7176222220000001,-3135.0,50.0,0.3125489538390634,15.62744769195317
108,C21-18D,-83.80874999999999,1.7352944445,-3197.0,80.0,0.3125489538390634,25.00391630712507
109,C21-18E,-83.8196,1.750988889,-3158.0,73.0,0.3125489538390634,22.816073630251626
110,C21-18F,-83.82249999999999,1.7696,-3211.0,65.0,0.3125489538390634,20.31568199953912
111,C21-18G,-83.82249999999999,1.7891499999999998,-3235.0,83.0,0.3125489538390634,25.94156316864226
112,C21-18H,-83.82249999999999,1.791127778,-3211.0,24.0,0.3125489538390634,7.501174892137522
113,C21-18I,-83.82345000000001,1.820538889,-3233.0,76.0,0.3125489538390634,23.753720491768817
114,C21-19A,-83.80680000000001,1.520538889,-3375.0,133.0,0.3125489538390634,41.569010860595434
115,C21-19B,-83.80680000000001,1.5,-3390.0,180.0,0.3125489538390634,56.25881169103141
116,C21-19C,-83.80194999999999,1.4862333335,-3358.0,178.0,0.3125489538390634,55.633713783353286
117,C21-19D,-83.82055,1.4019277780000001,-3520.0,160.0,0.3125489538390634,50.00783261425014
118,C21-19E,-83.82055,1.418611111,-3489.0,160.0,0.3125489538390634,50.00783261425014
119,C21-19F,-83.82249999999999,1.4254333335,-3450.0,180.0,0.3125489538390634,56.25881169103141
120,C21-19G,-83.82544999999999,1.440138889,-3388.0,178.0,0.3125489538390634,55.633713783353286
121,C21-6,-83.747,1.192,-3305.0,200.0,0.26410855495223645,52.82171099044729
122,C21-7,-83.80299999999998,1.925,-3431.0,30.0,0.3125489538390634,9.376468615171902
123,C21-TG6,-83.74115,1.188211111,-3375.0,200.0,0.26410855495223645,52.82171099044729
124,C21-TG7,-83.80194999999999,1.921527778,-3504.0,30.0,0.3125489538390634,9.376468615171902
125,C8-78,-86.84999999999998,-1.417,-2180.0,31.0,1.6983437243866222,52.648655455985285
126,C9-45,-78.733,6.833,-3250.0,272.0,8.351515414912214,2271.6121928561224
127,C9-47,-78.29999999999998,5.5,-3135.0,122.0,12.03237031089441,1467.949177929118
128,C9-48,-79.25,2.517,-2074.0,57.0,5.7191801190844895,325.9932667878159
129,C9-50,-82.15,0.817,-3091.0,29.0,1.303729573349576,37.8081576271377
130,C9-52,-82.6833,-2.5333,-2957.0,117.0,3.375939705049899,394.9849454908382
131,CCTW1,-83.485,5.2525,-3211.0,146.0,1.3405093990061372,195.71437225489603
132,CCTW12,-83.55079999999998,2.8022222219999997,-3205.0,47.3,0.716294339932193,33.88072227879273
133,CCTW13,-83.46859999999998,2.484444444,-3082.0,162.0,0.716294339932193,116.03968306901527
134,CCTW14,-83.4175,2.235277778,-3267.0,48.6,0.5847096547760783,28.416889222117405
135,CCTW15,-83.5,1.9836111109999999,-3028.0,219.0,0.5847096547760783,128.05141439596113
136,CCTW16,-83.5339,1.7358333330000002,-3324.0,103.0,0.5847096547760783,60.225094441936065
137,CCTW17,-83.46779999999998,1.500833333,-3456.0,167.0,0.5847096547760783,97.64651234760507
138,CCTW18,-83.4847,1.234166667,-3459.0,190.0,0.5362692558892515,101.89115861895777
139,CCTW19,-83.5019,0.984722222,-3268.0,159.0,0.5362692558892515,85.26681168639098
140,CCTW2,-83.4858,5.018888888999999,-3277.0,121.0,1.3405093990061372,162.2016372797426
141,CCTW20,-83.5,0.7344444440000001,-3706.0,150.0,0.5362692558892515,80.44038838338771
142,CCTW22,-83.5017,0.385,-3107.0,152.0,0.5362692558892515,81.51292689516622
143,CCTW23,-83.5192,-0.017222222,-3020.0,149.0,0.9008602995606108,134.228184634531
144,CCTW3,-83.5019,4.633333333,-3235.0,22.2,1.3405093990061372,29.759308657936245
145,CCTW4,-83.54999999999998,4.484444444,-3201.0,54.8,1.3405093990061372,73.45991506553631
146,CCTW5,-83.50029999999998,4.233888889,-3030.0,87.09999999999998,0.9830146514874836,85.6205761445598
147,CCTW8,-83.6692,3.6344444439999997,-3037.0,60.3,0.7108539505504687,42.86449321819326
148,COCOTOW4-HF1,-83.4933,5.265,-3211.0,146.0,2.025976878680938,295.7926242874169
149,COCOTOW4-HF12,-83.555,2.8133,-3205.0,47.0,0.716294339932193,33.665833976813076
150,COCOTOW4-HF13,-83.4783,2.49,-3082.0,162.0,0.716294339932193,116.03968306901527
151,COCOTOW4-HF14,-83.4217,2.245,-3267.0,49.0,0.5847096547760783,28.650773084027836
152,COCOTOW4-HF15,-83.5,1.985,-3028.0,220.0,0.5847096547760783,128.6361240507372
153,COCOTOW4-HF16,-83.53669999999998,1.7483,-3324.0,103.0,0.5847096547760783,60.225094441936065
154,COCOTOW4-HF17,-83.47329999999998,1.505,-3456.0,167.0,0.5847096547760783,97.64651234760507
155,COCOTOW4-HF18,-83.49169999999998,1.2383,-3459.0,190.0,0.5362692558892515,101.89115861895777
156,COCOTOW4-HF19,-83.5117,0.9917,-3268.0,159.0,0.5362692558892515,85.26681168639098
157,COCOTOW4-HF2,-83.4983,5.03,-3277.0,122.0,1.3405093990061372,163.54214667874874
158,COCOTOW4-HF20,-83.5,0.74,-3706.0,150.0,0.5362692558892515,80.44038838338771
159,COCOTOW4-HF21,-83.51,0.3933,-3107.0,152.0,0.5362692558892515,81.51292689516622
160,COCOTOW4-HF23,-83.5317,-0.02,-3020.0,149.0,0.9008602995606108,134.228184634531
161,COCOTOW4-HF3,-83.5117,4.6333,-3235.0,22.0,1.3405093990061372,29.49120677813502
162,COCOTOW4-HF4,-83.54999999999998,4.49,-3201.0,55.0,1.3405093990061372,73.72801694533754
163,COCOTOW4-HF5,-83.5017,4.2367,-3030.0,87.0,0.9830146514874836,85.52227467941107
164,COCOTOW4-HF8,-83.6817,3.64,-3037.0,60.0,0.7108539505504687,42.651237033028124
165,DSDP501,-83.73429999999999,1.2225166664999998,-3457.0,194.0,0.26410855495223645,51.23705966073387
166,DSDP504A,-83.72545,0.22251666650000002,-3458.0,219.0,0.6286995986235957,137.68521209856746
167,DSDP504B,-83.72445,1.2225166664999998,-3460.0,192.0,0.26410855495223645,50.7088425508294
168,DSDP504C,-83.72545,1.2225166664999998,-3460.0,193.0,0.26410855495223645,50.97295110578163
169,DSDP505,-83.78720000000001,1.907761111,-3537.0,21.0,0.3125489538390634,6.563528030620331
170,DSDP506E,-86.0882,0.6058333335,-2703.0,570.0,0.20919566720372668,119.2415303061242
171,DSDP506F,-86.0882,0.6058333335,-2712.0,620.0,0.20919566720372668,129.70131366631054
172,DSDP507A,-86.0872,0.5666833335,-2691.0,436.0,0.20919566720372668,91.20931090082483
173,DSDP507E,-86.0872,0.5666833335,-2689.0,327.0,0.20919566720372668,68.40698317561862
174,DSDP507G,-86.0872,0.5666833335,-2695.0,404.0,0.20919566720372668,84.51504955030558
175,DSDP507I,-86.0872,0.5666833335,-2692.0,374.0,0.20919566720372668,78.23917953419378
176,DSDP508A,-86.09999999999998,0.5333166665,-2783.0,205.0,0.20919566720372668,42.88511177676397
177,DSDP508D,-86.09999999999998,0.5333166665,-2777.0,228.0,0.20919566720372668,47.69661212244968
178,DSDP508E,-86.09999999999998,0.5333166665,-2777.0,177.0,0.20919566720372668,37.02763309505962
179,DSDP509C,-86.12545,0.5862333335000001,-2687.0,532.0,0.20919566720372668,111.2920949523826
180,DSDP509D,-86.12545,0.587222222,-2687.0,509.0,0.20919566720372668,106.48059460669688
181,DSDP510,-86.40584999999999,1.6077611109999999,-2781.0,193.0,0.2576360660905537,49.72376075547686
182,GSC-86W,-86.0,0.5833166665,-2700.0,295.0,0.20919566720372668,61.71272182509937
183,KN1.1,-86.17249999999999,0.75,-2850.0,264.0,0.20919566720372668,55.22765614178384
184,KN1.2,-86.17154999999998,0.7420666665,-2852.0,88.0,0.20919566720372668,18.40921871392795
185,KN1.3,-86.1696,0.741127778,-2858.0,46.0,0.20919566720372668,9.623000691371427
186,KN1.4,-86.15775,0.740138889,-2848.0,29.0,0.20919566720372668,6.066674348908074
187,KN1.5,-86.15584999999999,0.740138889,-2850.0,71.0,0.20919566720372668,14.852892371464595
188,KN1.7,-86.15100000000001,0.740138889,-2829.0,4.0,0.20919566720372668,0.8367826688149067
189,KN11.1,-86.09015,0.588211111,-2751.0,640.0,0.20919566720372668,133.88522701038508
190,KN12.1,-86.03625,0.721527778,-2653.0,239.0,0.20919566720372668,49.99776446169068
191,KN12.10,-86.07249999999999,0.7244444445,-2681.0,197.0,0.20919566720372668,41.21154643913415
192,KN12.11,-86.07055,0.737222222,-2681.0,84.0,0.20919566720372668,17.57243604511304
193,KN12.12,-86.07055,0.740138889,-2681.0,38.0,0.20919566720372668,7.949435353741614
194,KN12.2,-86.04015000000001,0.7196,-2653.0,243.0,0.20919566720372668,50.834547130505584
195,KN12.3,-86.04204999999999,0.717622222,-2663.0,180.0,0.20919566720372668,37.6552200966708
196,KN12.4,-86.0539,0.717622222,-2663.0,218.0,0.20919566720372668,45.604655450412416
197,KN12.5,-86.06669999999998,0.718611111,-2719.0,142.0,0.20919566720372668,29.70578474292919
198,KN12.6,-86.07055,0.7166833335,-2700.0,205.0,0.20919566720372668,42.88511177676397
199,KN12.8,-86.08329999999998,0.717622222,-2644.0,109.0,0.20919566720372668,22.802327725206208
200,KN12.9,-86.08329999999998,0.7244444445,-2700.0,151.0,0.20919566720372668,31.58854574776273
201,KN13.1,-86.09205,0.6058333335,-2739.0,515.0,0.20919566720372668,107.73576860991923
202,KN14.1,-86.07155,0.691127778,-2762.0,75.0,0.20919566720372668,15.6896750402795
203,KN15.1,-86.08329999999998,0.6696,-2736.0,151.0,0.20919566720372668,31.58854574776273
204,KN15.10,-86.07155,0.6558333335,-2679.0,954.0,0.20919566720372668,199.57266651235526
205,KN15.11,-86.07155,0.6548444445,-2685.0,331.0,0.20919566720372668,69.24376584443353
206,KN15.12,-86.07155,0.6548444445,-2687.0,385.0,0.20919566720372668,80.54033187343477
207,KN15.13,-86.07055,0.6539055555,-2700.0,456.0,0.20919566720372668,95.39322424489936
208,KN15.14,-86.07055,0.6529166665,-2709.0,301.0,0.20919566720372668,62.96789582832173
209,KN15.15,-86.06859999999999,0.651927778,-2711.0,364.0,0.20919566720372668,76.14722286215651
210,KN15.16,-86.0676,0.650988889,-2730.0,293.0,0.20919566720372668,61.29433049069192
211,KN15.17,-86.06669999999998,0.65,-2734.0,255.0,0.20919566720372668,53.3448951369503
212,KN15.18,-86.06669999999998,0.65,-2732.0,172.0,0.20919566720372668,35.981654759040985
213,KN15.19,-86.06669999999998,0.6420666665,-2732.0,293.0,0.20919566720372668,61.29433049069192
214,KN15.2,-86.08329999999998,0.668611111,-2726.0,209.0,0.20919566720372668,43.721894445578876
215,KN15.20,-86.06669999999998,0.6401388889999999,-2736.0,264.0,0.20919566720372668,55.22765614178384
216,KN15.21,-86.05775,0.638211111,-2730.0,661.0,0.20919566720372668,138.27833602166334
217,KN15.22,-86.05584999999999,0.638211111,-2730.0,272.0,0.20919566720372668,56.90122147941366
218,KN15.23,-86.0539,0.637222222,-2726.0,486.0,0.20919566720372668,101.66909426101117
219,KN15.24,-86.05099999999999,0.63915,-2730.0,272.0,0.20919566720372668,56.90122147941366
220,KN15.3,-86.07544999999999,0.667622222,-2747.0,327.0,0.20919566720372668,68.40698317561862
221,KN15.4,-86.07544999999999,0.6666833335,-2668.0,636.0,0.20919566720372668,133.04844434157016
222,KN15.5,-86.07544999999999,0.65875,-2664.0,490.0,0.20919566720372668,102.50587692982607
223,KN15.6,-86.07445,0.656822222,-2663.0,850.0,0.20919566720372668,177.81631712316766
224,KN15.7,-86.07345000000001,0.656822222,-2668.0,477.0,0.20919566720372668,99.78633325617763
225,KN15.8,-86.07345000000001,0.656822222,-2670.0,1000.0,0.20919566720372668,209.19566720372669
226,KN15.9,-86.07155,0.656822222,-2666.0,787.0,0.20919566720372668,164.6369900893329
227,KN16.1,-86.14014999999999,0.6166833335,-2698.0,293.0,0.20919566720372668,61.29433049069192
228,KN16.10,-86.1333,0.63915,-2719.0,80.0,0.20919566720372668,16.735653376298135
229,KN16.11,-86.1333,0.637222222,-2726.0,71.0,0.20919566720372668,14.852892371464595
230,KN16.12,-86.12545,0.6352944444999999,-2751.0,105.0,0.20919566720372668,21.9655450563913
231,KN16.15,-86.1333,0.6352944444999999,-2743.0,71.0,0.20919566720372668,14.852892371464595
232,KN16.2,-86.14014999999999,0.617622222,-2679.0,381.0,0.20919566720372668,79.70354920461986
233,KN16.3,-86.14014999999999,0.618611111,-2663.0,356.0,0.20919566720372668,74.4736575245267
234,KN16.4,-86.14114999999998,0.620538889,-2663.0,473.0,0.20919566720372668,98.94955058736272
235,KN16.5,-86.14114999999998,0.621527778,-2651.0,410.0,0.20919566720372668,85.77022355352794
236,KN16.6,-86.14014999999999,0.6225166664999999,-2646.0,327.0,0.20919566720372668,68.40698317561862
237,KN16.7,-86.14014999999999,0.6244444444999999,-2640.0,381.0,0.20919566720372668,79.70354920461986
238,KN16.8,-86.13915,0.6333166665,-2631.0,234.0,0.20919566720372668,48.951786125672044
239,KN16.9,-86.1343,0.63915,-2723.0,67.0,0.20919566720372668,14.016109702649688
240,KN17.1,-86.08329999999998,0.6696,-2694.0,209.0,0.20919566720372668,43.721894445578876
241,KN17.2,-86.08329999999998,0.671527778,-2670.0,243.0,0.20919566720372668,50.834547130505584
242,KN17.3,-86.08329999999998,0.6734555555,-2693.0,180.0,0.20919566720372668,37.6552200966708
243,KN17.6,-86.07155,0.7,-2698.0,100.0,0.20919566720372668,20.919566720372668
244,KN17.7,-86.0696,0.7029166665,-2631.0,80.0,0.20919566720372668,16.735653376298135
245,KN17.8,-86.0696,0.7058333335,-2601.0,209.0,0.20919566720372668,43.721894445578876
246,KN18.1,-86.0676,0.7058333335,-2616.0,155.0,0.20919566720372668,32.425328416577635
247,KN18.2,-86.0676,0.706822222,-2616.0,163.0,0.20919566720372668,34.098893754207445
248,KN18.3,-86.05775,0.70875,-2672.0,84.0,0.20919566720372668,17.57243604511304
249,KN18.4,-86.05584999999999,0.717622222,-2678.0,335.0,0.20919566720372668,70.08054851324843
250,KN18.5,-86.05584999999999,0.717622222,-2678.0,280.0,0.20919566720372668,58.57478681704347
251,KN18.6,-86.05584999999999,0.717622222,-2678.0,197.0,0.20919566720372668,41.21154643913415
252,KN19.1,-86.08914999999999,0.5901388889999999,-2736.0,301.0,0.20919566720372668,62.96789582832173
253,KN2.1,-86.08914999999999,0.637222222,-2768.0,163.0,0.20919566720372668,34.098893754207445
254,KN2.2,-86.0872,0.6362333335,-2745.0,209.0,0.20919566720372668,43.721894445578876
255,KN2.3,-86.08429999999998,0.6352944444999999,-2741.0,268.0,0.20919566720372668,56.06443881059875
256,KN20.1,-86.13625,0.5891500000000001,-2698.0,607.0,0.20919566720372668,126.9817699926621
257,KN21.1,-86.13625,0.6009888889999999,-2719.0,339.0,0.20919566720372668,70.91733118206335
258,KN21.2,-86.1353,0.6029166665,-2739.0,352.0,0.20919566720372668,73.6368748557118
259,KN21.3,-86.1353,0.6048444445,-2753.0,360.0,0.20919566720372668,75.3104401933416
260,KN21.5,-86.1343,0.6166833335,-2751.0,218.0,0.20919566720372668,45.604655450412416
261,KN21.6,-86.1333,0.6196,-2689.0,218.0,0.20919566720372668,45.604655450412416
262,KN21.7,-86.1333,0.6196,-2685.0,96.0,0.20919566720372668,20.08278405155776
263,KN21.8,-86.12444999999998,0.6225166664999999,-2700.0,126.0,0.20919566720372668,26.358654067669562
264,KN22.1,-86.1539,0.551927778,-2784.0,222.0,0.20919566720372668,46.44143811922732
265,KN23.1,-86.1667,0.5558333335000001,-2715.0,239.0,0.20919566720372668,49.99776446169068
266,KN23.2,-86.15100000000001,0.5539055555,-2762.0,222.0,0.20919566720372668,46.44143811922732
267,KN23.3,-86.13915,0.5529166665,-2788.0,318.0,0.20919566720372668,66.52422217078508
268,KN23.4,-86.1372,0.55,-2799.0,180.0,0.20919566720372668,37.6552200966708
269,KN23.5,-86.12545,0.551927778,-2764.0,184.0,0.20919566720372668,38.49200276548571
270,KN23.6,-86.12444999999998,0.5420666665,-2790.0,130.0,0.20919566720372668,27.195436736484467
271,KN23.7,-86.12155,0.5420666665,-2792.0,126.0,0.20919566720372668,26.358654067669562
272,KN23.8,-86.12055000000001,0.5420666665,-2796.0,126.0,0.20919566720372668,26.358654067669562
273,KN24.1,-86.13625,0.5833166665,-2709.0,1231.0,0.20919566720372668,257.51986632778755
274,KN25.1,-86.09205,0.5891500000000001,-2749.0,1093.0,0.20919566720372668,228.65086425367326
275,KN26.1,-85.97155,0.7,-2638.0,410.0,0.20919566720372668,85.77022355352794
276,KN26.2,-85.97155,0.6833166665,-2678.0,251.0,0.20919566720372668,52.508112468135394
277,KN26.3,-85.97155,0.6705388889999999,-2721.0,163.0,0.20919566720372668,34.098893754207445
278,KN27.1,-86.00195,0.657761111,-2700.0,540.0,0.20919566720372668,112.96566029001241
279,KN27.2,-86.00195,0.641127778,-2723.0,456.0,0.20919566720372668,95.39322424489936
280,KN3.1,-86.07544999999999,0.6352944444999999,-2719.0,481.0,0.20919566720372668,100.62311592499253
281,KN3.2,-86.07155,0.6352944444999999,-2726.0,255.0,0.20919566720372668,53.3448951369503
282,KN3.3,-86.0676,0.6343055555,-2709.0,247.0,0.20919566720372668,51.67132979932049
283,KN3.4,-86.05680000000001,0.6333166665,-2719.0,406.0,0.20919566720372668,84.93344088471304
284,KN3.5,-86.05194999999999,0.6254333335,-2715.0,410.0,0.20919566720372668,85.77022355352794
285,KN3.6,-86.04204999999999,0.6244444444999999,-2711.0,473.0,0.20919566720372668,98.94955058736272
286,KN3.7,-86.03720000000001,0.6234555555,-2685.0,620.0,0.20919566720372668,129.70131366631054
287,KN3.8,-86.03329999999998,0.621527778,-2676.0,599.0,0.20919566720372668,125.30820465503228
288,KN3.9,-86.02155,0.620538889,-2678.0,758.0,0.20919566720372668,158.57031574042483
289,KN4.1,-86.12155,0.6225166664999999,-2711.0,205.0,0.20919566720372668,42.88511177676397
290,KN4.2,-86.12055000000001,0.6234555555,-2702.0,193.0,0.20919566720372668,40.37476377031925
291,KN4.3,-86.10679999999999,0.6234555555,-2698.0,109.0,0.20919566720372668,22.802327725206208
292,KN4.4,-86.10679999999999,0.6244444444999999,-2702.0,142.0,0.20919566720372668,29.70578474292919
293,KN4.5,-86.10390000000001,0.6234555555,-2693.0,193.0,0.20919566720372668,40.37476377031925
294,KN4.6,-86.09205,0.6225166664999999,-2693.0,327.0,0.20919566720372668,68.40698317561862
295,KN4.7,-86.0882,0.6234555555,-2706.0,536.0,0.20919566720372668,112.1288776211975
296,KN4.8,-86.08624999999999,0.6225166664999999,-2698.0,360.0,0.20919566720372668,75.3104401933416
297,KN5.1,-86.18430000000001,1.0058333335,-2781.0,268.0,0.20919566720372668,56.06443881059875
298,KN5.10,-86.18625,0.867622222,-2638.0,494.0,0.20919566720372668,103.34265959864098
299,KN5.11,-86.18430000000001,0.8529166665,-2636.0,331.0,0.20919566720372668,69.24376584443353
300,KN5.2,-86.17249999999999,0.9833166664999999,-2831.0,159.0,0.20919566720372668,33.26211108539254
301,KN5.3,-86.17249999999999,0.95875,-2711.0,134.0,0.20919566720372668,28.032219405299376
302,KN5.4,-86.17249999999999,0.95,-2685.0,297.0,0.20919566720372668,62.131113159506825
303,KN5.5,-86.1833,0.9244444445000001,-2715.0,460.0,0.20919566720372668,96.23000691371428
304,KN5.6,-86.18529999999998,0.9176222220000001,-2724.0,360.0,0.20919566720372668,75.3104401933416
305,KN5.7,-86.1833,0.9039055555,-2681.0,573.0,0.20919566720372668,119.86911730773538
306,KN5.8,-86.1833,0.8920666665,-2717.0,63.0,0.20919566720372668,13.179327033834781
307,KN5.9,-86.17344999999999,0.8754333335,-2715.0,209.0,0.20919566720372668,43.721894445578876
308,KN6.1,-86.12344999999999,0.6362333335,-2768.0,84.0,0.20919566720372668,17.57243604511304
309,KN6.2,-86.12055000000001,0.6352944444999999,-2758.0,109.0,0.20919566720372668,22.802327725206208
310,KN6.3,-86.10584999999999,0.6333166665,-2792.0,126.0,0.20919566720372668,26.358654067669562
311,KN6.4,-86.101,0.6352944444999999,-2760.0,113.0,0.20919566720372668,23.639110394021113
312,KN6.5,-86.08914999999999,0.6254333335,-2766.0,159.0,0.20919566720372668,33.26211108539254
313,KN7.1,-85.98719999999997,0.500988889,-2865.0,218.0,0.20919566720372668,45.604655450412416
314,KN7.2,-85.98819999999999,0.506822222,-2863.0,201.0,0.20919566720372668,42.04832910794906
315,KN7.3,-85.99015,0.518611111,-2852.0,247.0,0.20919566720372668,51.67132979932049
316,KN7.4,-86.0,0.5343055555,-2829.0,251.0,0.20919566720372668,52.508112468135394
317,KN7.5,-86.0,0.5420666665,-2786.0,389.0,0.20919566720372668,81.37711454224967
318,KN7.6,-86.00195,0.551927778,-2768.0,335.0,0.20919566720372668,70.08054851324843
319,KN7.7,-86.00195,0.5686111110000001,-2813.0,184.0,0.20919566720372668,38.49200276548571
320,KN8.1,-86.0068,0.6009888889999999,-2754.0,820.0,0.20919566720372668,171.54044710705588
321,KN8.2,-86.0068,0.6039055555,-2726.0,674.0,0.20919566720372668,140.99787969531178
322,KN8.3,-86.0068,0.6166833335,-2687.0,850.0,0.20919566720372668,177.81631712316766
323,KN8.4,-86.00874999999999,0.6333166665,-2715.0,582.0,0.20919566720372668,121.75187831256892
324,KN8.5,-86.0167,0.637222222,-2715.0,565.0,0.20919566720372668,118.19555197010557
325,KN8.6,-86.01859999999999,0.650988889,-2698.0,565.0,0.20919566720372668,118.19555197010557
326,KN8.7,-86.01859999999999,0.6548444445,-2691.0,1126.0,0.20919566720372668,235.55432127139625
327,KN8.8,-86.01859999999999,0.6666833335,-2708.0,728.0,0.20919566720372668,152.29444572431302
328,KN9.1,-86.00195,0.671527778,-2661.0,603.0,0.20919566720372668,126.14498732384719
329,KN9.10,-86.03720000000001,0.7254333335,-2616.0,247.0,0.20919566720372668,51.67132979932049
330,KN9.11,-86.0539,0.7254333335,-2616.0,352.0,0.20919566720372668,73.6368748557118
331,KN9.12,-86.05680000000001,0.7333166664999999,-2653.0,230.0,0.20919566720372668,48.11500345685714
332,KN9.2,-86.0,0.6872222219999999,-2721.0,38.0,0.20919566720372668,7.949435353741614
333,KN9.3,-86.0,0.7048444445000001,-2655.0,343.0,0.20919566720372668,71.75411385087826
334,KN9.4,-86.00099999999999,0.717622222,-2663.0,255.0,0.20919566720372668,53.3448951369503
335,KN9.6,-86.00195,0.7343055555,-2550.0,17.0,0.20919566720372668,3.5563263424633536
336,KN9.7,-86.0068,0.757761111,-2578.0,25.0,0.20919566720372668,5.229891680093167
337,KN9.9,-86.02345,0.7362333335,-2625.0,63.0,0.20919566720372668,13.179327033834781
338,PAPAG-1,-82.7,7.7666833335000005,-1838.0,67.0,6.370058207188518,426.7938998816307
339,PAPAG-15,-85.7167,7.7,-2987.0,105.0,6.150786942979187,645.8326290128147
340,PAPAG-2,-82.53329999999998,7.1,-3425.0,163.0,4.116089953220243,670.9226623748996
341,PAPAG-24,-89.33329999999998,7.9166833335,-3851.0,46.05,7.185628763664904,330.8982045667688
342,PAPAG-25,-90.9667,6.9833166664999995,-3955.0,71.1,5.085534894936192,361.58153102996323
343,PAPAG-3,-82.0167,7.2,-2076.0,96.15,4.116089953220243,395.7620490021264
344,PAPAG-4,-81.9,5.3,-3894.0,165.0,2.7934371961412627,460.91713736330837
345,PAPAG-5,-81.59999999999998,4.466683333500001,-3380.0,147.0,3.2075937766168496,471.5162851626769
346,PAPAG-6,-82.84999999999998,5.6333166665,-3380.0,163.0,2.025976878680938,330.23423122499287
347,PAPAG-7,-83.28329999999998,6.85,-2241.0,172.0,3.3486296357599166,575.9642973507057
348,PAPAG-8,-85.1833,7.85,-2505.0,4.1,5.97191097398694,24.484834993346453
349,PC13-27,-94.4667,4.983333333,-3488.0,10.5,5.006948651919013,52.57296084514964
350,PC13-28,-94.1333,1.8166666669999998,-2659.0,15.1,5.151167122623721,77.78262355161819
351,PC13-29,-90.9333,4.75,-3034.0,25.5,3.1761792761823786,80.99257154265065
352,PC13-32,-82.4333,4.466666667,-3550.0,17.2,2.107969716466462,36.25707912322314
353,PC13-6,-95.65,0.133333333,-3250.0,136.0,11.254145401981559,1530.563774669492
354,PC13-7,-98.6833,-0.533333333,-3254.0,333.0,18.069458065508545,6017.129535814345
355,PC13-8,-101.367,-1.2,-3301.0,77.5,31.898401805166483,2472.1261399004024
356,PIQ8-1,-86.05584999999999,-0.30583333349999997,-2872.0,156.0,0.5737867108750859,89.5107268965134
357,PIQ8-10,-86.09999999999998,0.7048444445000001,-2642.0,143.0,0.20919566720372668,29.914980410132916
358,PIQ8-11,-86.09999999999998,0.7362333335,-2687.0,231.0,0.20919566720372668,48.32419912406086
359,PIQ8-12,-86.09999999999998,0.8372222220000001,-2631.0,32.1,0.20919566720372668,6.715180917239627
360,PIQ8-13,-86.101,0.8558333335,-2552.0,43.75,0.20919566720372668,9.152310440163042
361,PIQ8-14,-86.101,1.0196,-2646.0,196.0,0.20919566720372668,41.00235077193043
362,PIQ8-15,-86.10679999999999,1.1734555555,-2735.0,176.0,0.20919566720372668,36.8184374278559
363,PIQ8-16,-86.11669999999998,1.2862333335,-2625.0,290.0,0.2576360660905537,74.71445916626057
364,PIQ8-17,-86.10774999999998,1.3558333335000001,-2782.0,208.0,0.2576360660905537,53.588301746835164
365,PIQ8-18,-86.11669999999998,1.4166833335,-2827.0,192.0,0.2576360660905537,49.466124689386305
366,PIQ8-2,-86.01859999999999,-0.1833166665,-2800.0,295.0,0.5737867108750859,169.26707970815036
367,PIQ8-3,-86.02545,-0.95,-2857.0,145.0,1.2952946877929272,187.81772972997445
368,PIQ8-4,-86.03720000000001,-0.0833166665,-2861.0,209.0,0.5737867108750859,119.92142257289296
369,PIQ8-5,-86.04999999999998,0.08529444450000001,-2942.0,111.0,0.5737867108750859,63.69032490713454
370,PIQ8-6,-86.05680000000001,0.1744444445,-2930.0,5.2,0.5737867108750859,2.983690896550447
371,PIQ8-7,-86.0676,0.30192777800000004,-2731.0,162.0,0.20919566720372668,33.88969808700372
372,PIQ8-8,-86.07544999999999,0.43623333350000004,-2755.0,282.0,0.20919566720372668,58.99317815145092
373,PIQ8-9,-86.09015,0.650988889,-2706.0,431.0,0.20919566720372668,90.1633325648062
374,PL10.1,-86.08914999999999,0.5920666665000001,-2745.0,481.0,0.20919566720372668,100.62311592499253
375,PL10.2,-86.09015,0.5920666665000001,-2745.0,548.0,0.20919566720372668,114.63922562764222
376,PL10.3,-86.09015,0.6,-2741.0,557.0,0.20919566720372668,116.52198663247576
377,PL10.4,-86.09115,0.6009888889999999,-2743.0,636.0,0.20919566720372668,133.04844434157016
378,PL11.1,-86.08624999999999,0.4833166665,-2828.0,285.0,0.20919566720372668,59.6207651530621
379,PL11.10,-86.09015,0.42444444449999996,-2736.0,201.0,0.20919566720372668,42.04832910794906
380,PL11.11,-86.09115,0.420538889,-2771.0,423.0,0.20919566720372668,88.48976722717639
381,PL11.2,-86.08624999999999,0.4734555555,-2833.0,293.0,0.20919566720372668,61.29433049069192
382,PL11.3,-86.0872,0.471527778,-2828.0,285.0,0.20919566720372668,59.6207651530621
383,PL11.4,-86.0872,0.46861111099999997,-2824.0,293.0,0.20919566720372668,61.29433049069192
384,PL11.5,-86.0882,0.456822222,-2826.0,201.0,0.20919566720372668,42.04832910794906
385,PL11.6,-86.0882,0.451927778,-2756.0,218.0,0.20919566720372668,45.604655450412416
386,PL11.7,-86.08914999999999,0.441127778,-2766.0,385.0,0.20919566720372668,80.54033187343477
387,PL11.8,-86.08914999999999,0.438211111,-2743.0,465.0,0.20919566720372668,97.2759852497329
388,PL11.9,-86.09015,0.4352944445,-2747.0,184.0,0.20919566720372668,38.49200276548571
389,PL12.1,-86.0882,0.4029166665,-2859.0,96.0,0.20919566720372668,20.08278405155776
390,PL13.1,-86.12545,0.5911277779999999,-2715.0,502.0,0.20919566720372668,105.01622493627079
391,PL13.10,-86.14114999999998,0.5891500000000001,-2696.0,699.0,0.20919566720372668,146.22777137540496
392,PL13.11,-86.14014999999999,0.588211111,-2696.0,523.0,0.20919566720372668,109.40933394754906
393,PL13.12,-86.13915,0.588211111,-2696.0,569.0,0.20919566720372668,119.03233463892047
394,PL13.13,-86.13915,0.588211111,-2696.0,561.0,0.20919566720372668,117.35876930129066
395,PL13.14,-86.13915,0.5911277779999999,-2696.0,507.0,0.20919566720372668,106.06220327228942
396,PL13.15,-86.14205000000001,0.601927778,-2741.0,456.0,0.20919566720372668,95.39322424489936
397,PL13.16,-86.13819999999998,0.5920666665000001,-2696.0,389.0,0.20919566720372668,81.37711454224967
398,PL13.17,-86.13819999999998,0.5891500000000001,-2696.0,435.0,0.20919566720372668,91.0001152336211
400,PL13.19,-86.14014999999999,0.588211111,-2696.0,682.0,0.20919566720372668,142.6714450329416
401,PL13.2,-86.12545,0.5911277779999999,-2715.0,427.0,0.20919566720372668,89.32654989599129
402,PL13.3,-86.1333,0.5911277779999999,-2709.0,423.0,0.20919566720372668,88.48976722717639
403,PL13.4,-86.1343,0.5911277779999999,-2708.0,385.0,0.20919566720372668,80.54033187343477
404,PL13.5,-86.1353,0.5911277779999999,-2704.0,343.0,0.20919566720372668,71.75411385087826
405,PL13.7,-86.13819999999998,0.5891500000000001,-2696.0,452.0,0.20919566720372668,94.55644157608445
406,PL13.8,-86.13915,0.5891500000000001,-2696.0,632.0,0.20919566720372668,132.21166167275527
407,PL13.9,-86.14014999999999,0.5891500000000001,-2696.0,532.0,0.20919566720372668,111.2920949523826
408,PL14.1,-86.09115,0.65,-2719.0,151.0,0.20919566720372668,31.58854574776273
409,PL14.11,-86.08914999999999,0.70875,-2691.0,297.0,0.20919566720372668,62.131113159506825
410,PL14.14,-86.0882,0.721527778,-2723.0,176.0,0.20919566720372668,36.8184374278559
411,PL14.15,-86.0882,0.7234555555,-2719.0,151.0,0.20919566720372668,31.58854574776273
412,PL14.16,-86.0872,0.7343055555,-2745.0,239.0,0.20919566720372668,49.99776446169068
413,PL14.2,-86.08914999999999,0.6529166665,-2738.0,197.0,0.20919566720372668,41.21154643913415
414,PL14.3,-86.08914999999999,0.6558333335,-2709.0,113.0,0.20919566720372668,23.639110394021113
415,PL14.4,-86.0882,0.65875,-2709.0,318.0,0.20919566720372668,66.52422217078508
416,PL14.5,-86.0872,0.671527778,-2659.0,180.0,0.20919566720372668,37.6552200966708
417,PL14.6,-86.0882,0.6754333335,-2700.0,678.0,0.20919566720372668,141.8346623641267
418,PL14.8,-86.0882,0.6862333335,-2728.0,46.0,0.20919566720372668,9.623000691371427
419,PL14.9,-86.09015,0.7,-2674.0,71.0,0.20919566720372668,14.852892371464595
420,PL15.1,-86.05099999999999,0.671527778,-2711.0,167.0,0.20919566720372668,34.93567642302236
421,PL15.2,-86.05099999999999,0.6734555555,-2719.0,151.0,0.20919566720372668,31.58854574776273
422,PL15.3,-86.04999999999998,0.6872222219999999,-2625.0,50.0,0.20919566720372668,10.459783360186334
423,PL15.4,-86.04999999999998,0.691127778,-2588.0,142.0,0.20919566720372668,29.70578474292919
424,PL16.1,-86.03720000000001,0.75,-2606.0,151.0,0.20919566720372668,31.58854574776273
425,PL16.2,-86.0382,0.7420666665,-2633.0,71.0,0.20919566720372668,14.852892371464595
426,PL16.3,-86.04015000000001,0.740138889,-2672.0,38.0,0.20919566720372668,7.949435353741614
427,PL17.1,-86.1353,0.718611111,-2612.0,490.0,0.20919566720372668,102.50587692982607
428,PL17.2,-86.1343,0.70875,-2634.0,494.0,0.20919566720372668,103.34265959864098
429,PL17.3,-86.12344999999999,0.7058333335,-2734.0,578.0,0.20919566720372668,120.91509564375401
430,PL17.5,-86.12344999999999,0.7039055555,-2743.0,356.0,0.20919566720372668,74.4736575245267
431,PL18.1,-86.11669999999998,0.7048444445000001,-2728.0,410.0,0.20919566720372668,85.77022355352794
432,PL18.2,-86.10874999999999,0.7029166665,-2738.0,243.0,0.20919566720372668,50.834547130505584
433,PL18.3,-86.11669999999998,0.691127778,-2745.0,121.0,0.20919566720372668,25.312675731650927
434,PL18.4,-86.10874999999999,0.68915,-2749.0,33.0,0.20919566720372668,6.90345701772298
435,PL18.5,-86.10774999999998,0.6872222219999999,-2651.0,75.0,0.20919566720372668,15.6896750402795
436,PL18.6,-86.10485,0.6744444445,-2657.0,381.0,0.20919566720372668,79.70354920461986
437,PL18.7,-86.10195,0.671527778,-2706.0,243.0,0.20919566720372668,50.834547130505584
438,PL18.8,-86.10195,0.6666833335,-2687.0,448.0,0.20919566720372668,93.71965890726955
439,PL20.1,-86.13819999999998,0.6539055555,-2747.0,59.0,0.20919566720372668,12.342544365019874
440,PL20.10,-86.0882,0.6058333335,-2724.0,548.0,0.20919566720372668,114.63922562764222
441,PL20.11,-86.08429999999998,0.606822222,-2726.0,440.0,0.20919566720372668,92.04609356963974
442,PL20.12,-86.07249999999999,0.6077611110000001,-2732.0,393.0,0.20919566720372668,82.21389721106458
443,PL20.13,-86.0676,0.60875,-2726.0,557.0,0.20919566720372668,116.52198663247576
444,PL20.15,-86.05584999999999,0.6166833335,-2715.0,544.0,0.20919566720372668,113.80244295882731
445,PL20.2,-86.1372,0.650988889,-2706.0,92.0,0.20919566720372668,19.246001382742854
446,PL20.3,-86.1353,0.6401388889999999,-2775.0,105.0,0.20919566720372668,21.9655450563913
447,PL20.4,-86.1333,0.6352944444999999,-2747.0,71.0,0.20919566720372668,14.852892371464595
448,PL20.5,-86.12344999999999,0.6234555555,-2694.0,46.0,0.20919566720372668,9.623000691371427
449,PL20.6,-86.12055000000001,0.620538889,-2704.0,209.0,0.20919566720372668,43.721894445578876
450,PL20.7,-86.10679999999999,0.6166833335,-2734.0,234.0,0.20919566720372668,48.951786125672044
451,PL20.8,-86.10390000000001,0.60875,-2741.0,134.0,0.20919566720372668,28.032219405299376
452,PL20.9,-86.09205,0.606822222,-2743.0,301.0,0.20919566720372668,62.96789582832173
453,PL21.1,-86.07345000000001,0.6039055555,-2741.0,414.0,0.20919566720372668,86.60700622234285
454,PL21.10,-86.1029,0.5843055555,-2743.0,548.0,0.20919566720372668,114.63922562764222
455,PL21.11,-86.1029,0.5744444445,-2747.0,368.0,0.20919566720372668,76.98400553097142
456,PL21.12,-86.10584999999999,0.5696,-2741.0,368.0,0.20919566720372668,76.98400553097142
457,PL21.13,-86.11760000000001,0.5666833335,-2739.0,343.0,0.20919566720372668,71.75411385087826
458,PL21.14,-86.12055000000001,0.5558333335000001,-2741.0,222.0,0.20919566720372668,46.44143811922732
459,PL21.15,-86.12344999999999,0.5529166665,-2754.0,188.0,0.20919566720372668,39.32878543430061
460,PL21.16,-86.1333,0.55,-2783.0,113.0,0.20919566720372668,23.639110394021113
461,PL21.17,-86.1353,0.5401388890000001,-2803.0,159.0,0.20919566720372668,33.26211108539254
462,PL21.2,-86.07544999999999,0.601927778,-2741.0,481.0,0.20919566720372668,100.62311592499253
463,PL21.3,-86.08429999999998,0.6,-2749.0,507.0,0.20919566720372668,106.06220327228942
464,PL21.4,-86.0872,0.5911277779999999,-2749.0,649.0,0.20919566720372668,135.7679880152186
466,PL21.6,-86.09015,0.5901388889999999,-2743.0,745.0,0.20919566720372668,155.8507720667764
467,PL21.7,-86.09205,0.5891500000000001,-2743.0,536.0,0.20919566720372668,112.1288776211975
468,PL21.8,-86.09999999999998,0.588211111,-2741.0,427.0,0.20919566720372668,89.32654989599129
469,PL21.9,-86.10195,0.5862333335000001,-2747.0,360.0,0.20919566720372668,75.3104401933416
470,PL22.1,-86.04115,0.6529166665,-2687.0,276.0,0.20919566720372668,57.73800414822856
471,PL22.10,-86.12055000000001,0.651927778,-2734.0,109.0,0.20919566720372668,22.802327725206208
472,PL22.13,-86.12545,0.668611111,-2715.0,193.0,0.20919566720372668,40.37476377031925
473,PL22.2,-86.04999999999998,0.651927778,-2689.0,251.0,0.20919566720372668,52.508112468135394
474,PL22.4,-86.0539,0.65,-2753.0,105.0,0.20919566720372668,21.9655450563913
475,PL22.5,-86.0676,0.6420666665,-2728.0,272.0,0.20919566720372668,56.90122147941366
476,PL22.6,-86.07445,0.65,-2751.0,335.0,0.20919566720372668,70.08054851324843
477,PL22.7,-86.0872,0.650988889,-2741.0,117.0,0.20919566720372668,24.475893062836022
478,PL22.8,-86.09999999999998,0.651927778,-2745.0,109.0,0.20919566720372668,22.802327725206208
479,PL22.9,-86.10874999999999,0.651927778,-2715.0,151.0,0.20919566720372668,31.58854574776273
480,PL23.1,-86.05194999999999,0.690138889,-2723.0,25.0,0.20919566720372668,5.229891680093167
481,PL23.4,-86.05680000000001,0.6862333335,-2753.0,67.0,0.20919566720372668,14.016109702649688
482,PL23.5,-86.07249999999999,0.6920666664999999,-2745.0,46.0,0.20919566720372668,9.623000691371427
483,PL23.6,-86.08329999999998,0.690138889,-2719.0,46.0,0.20919566720372668,9.623000691371427
484,PL23.7,-86.0872,0.690138889,-2730.0,80.0,0.20919566720372668,16.735653376298135
485,PL24.1,-86.10584999999999,0.6862333335,-2741.0,134.0,0.20919566720372668,28.032219405299376
486,PL24.2,-86.11669999999998,0.688211111,-2751.0,147.0,0.20919566720372668,30.75176307894782
487,PL24.3,-86.12155,0.691127778,-2745.0,59.0,0.20919566720372668,12.342544365019874
488,PL25.1,-86.1225,0.68915,-2749.0,46.0,0.20919566720372668,9.623000691371427
489,PL25.2,-86.12444999999998,0.68915,-2741.0,71.0,0.20919566720372668,14.852892371464595
490,PL25.3,-86.1333,0.691127778,-2736.0,54.0,0.20919566720372668,11.29656602900124
491,PL25.4,-86.13915,0.7,-2730.0,59.0,0.20919566720372668,12.342544365019874
492,PL25.5,-86.15,0.700988889,-2723.0,50.0,0.20919566720372668,10.459783360186334
493,PL26.1,-86.17154999999998,0.750988889,-2835.0,63.0,0.20919566720372668,13.179327033834781
494,PL26.2,-86.17344999999999,0.751927778,-2822.0,50.0,0.20919566720372668,10.459783360186334
495,PL27.1,-86.09115,0.6539055555,-2709.0,193.0,0.20919566720372668,40.37476377031925
496,PL27.2,-86.09115,0.650988889,-2728.0,126.0,0.20919566720372668,26.358654067669562
497,PL27.3,-86.09015,0.6420666665,-2723.0,234.0,0.20919566720372668,48.951786125672044
498,PL27.4,-86.0872,0.6401388889999999,-2732.0,335.0,0.20919566720372668,70.08054851324843
499,PL3.1,-86.10195,0.6401388889999999,-2732.0,285.0,0.20919566720372668,59.6207651530621
500,PL3.2,-86.101,0.6401388889999999,-2743.0,209.0,0.20919566720372668,43.721894445578876
501,PL3.3,-86.10195,0.638211111,-2764.0,155.0,0.20919566720372668,32.425328416577635
502,PL3.4,-86.10390000000001,0.6362333335,-2766.0,134.0,0.20919566720372668,28.032219405299376
503,PL5.1,-86.08914999999999,0.618611111,-2689.0,389.0,0.20919566720372668,81.37711454224967
504,PL5.10,-86.09015,0.5744444445,-2751.0,507.0,0.20919566720372668,106.06220327228942
505,PL5.11,-86.09015,0.570538889,-2749.0,473.0,0.20919566720372668,98.94955058736272
506,PL5.12,-86.09205,0.5666833335,-2730.0,339.0,0.20919566720372668,70.91733118206335
507,PL5.13,-86.101,0.5548444445,-2739.0,377.0,0.20919566720372668,78.86676653580496
508,PL5.14,-86.101,0.551927778,-2764.0,276.0,0.20919566720372668,57.73800414822856
509,PL5.15,-86.10195,0.541127778,-2790.0,88.0,0.20919566720372668,18.40921871392795
510,PL5.16,-86.1029,0.5362333335,-2798.0,59.0,0.20919566720372668,12.342544365019874
511,PL5.17,-86.1029,0.5333166665,-2801.0,159.0,0.20919566720372668,33.26211108539254
512,PL5.18,-86.10485,0.5225166665,-2801.0,310.0,0.20919566720372668,64.85065683315527
513,PL5.19,-86.10584999999999,0.5196000000000001,-2801.0,322.0,0.20919566720372668,67.36100483959999
514,PL5.2,-86.0882,0.6166833335,-2726.0,260.0,0.20919566720372668,54.390873472968934
515,PL5.20,-86.10584999999999,0.50875,-2841.0,289.0,0.20919566720372668,60.45754782187701
516,PL5.3,-86.0882,0.6058333335,-2732.0,419.0,0.20919566720372668,87.65298455836148
517,PL5.4,-86.09115,0.6029166665,-2749.0,456.0,0.20919566720372668,95.39322424489936
518,PL5.5,-86.09115,0.6,-2745.0,532.0,0.20919566720372668,111.2920949523826
519,PL5.6,-86.09115,0.5901388889999999,-2743.0,565.0,0.20919566720372668,118.19555197010557
520,PL5.7,-86.09115,0.588211111,-2749.0,481.0,0.20919566720372668,100.62311592499253
521,PL5.8,-86.09015,0.5862333335000001,-2751.0,486.0,0.20919566720372668,101.66909426101117
522,PL5.9,-86.09015,0.5833166665,-2751.0,561.0,0.20919566720372668,117.35876930129066
523,PL6.1,-86.15775,0.6725166665,-2659.0,59.0,0.20919566720372668,12.342544365019874
524,PL6.2,-86.15679999999999,0.6696,-2704.0,105.0,0.20919566720372668,21.9655450563913
525,PL6.3,-86.15584999999999,0.667622222,-2717.0,113.0,0.20919566720372668,23.639110394021113
526,PL6.4,-86.15484999999998,0.657761111,-2724.0,126.0,0.20919566720372668,26.358654067669562
527,PL6.5,-86.1529,0.6558333335,-2749.0,88.0,0.20919566720372668,18.40921871392795
528,PL6.6,-86.15100000000001,0.651927778,-2775.0,80.0,0.20919566720372668,16.735653376298135
529,PL6.7,-86.15,0.641127778,-2760.0,96.0,0.20919566720372668,20.08278405155776
530,PL6.8,-86.15,0.63915,-2764.0,80.0,0.20919566720372668,16.735653376298135
531,PL6.9,-86.14114999999998,0.638211111,-2691.0,151.0,0.20919566720372668,31.58854574776273
532,PL7.1,-86.14114999999998,0.6343055555,-2659.0,213.0,0.20919566720372668,44.55867711439378
533,PL7.10,-86.14114999999998,0.5843055555,-2715.0,523.0,0.20919566720372668,109.40933394754906
534,PL7.11,-86.14205000000001,0.5734555555,-2734.0,569.0,0.20919566720372668,119.03233463892047
535,PL7.12,-86.14205000000001,0.5686111110000001,-2728.0,582.0,0.20919566720372668,121.75187831256892
536,PL7.2,-86.13915,0.6244444444999999,-2663.0,147.0,0.20919566720372668,30.75176307894782
537,PL7.3,-86.1372,0.621527778,-2683.0,255.0,0.20919566720372668,53.3448951369503
538,PL7.4,-86.13915,0.6058333335,-2739.0,260.0,0.20919566720372668,54.390873472968934
539,PL7.5,-86.13819999999998,0.6058333335,-2741.0,205.0,0.20919566720372668,42.88511177676397
540,PL7.6,-86.14014999999999,0.6048444445,-2739.0,243.0,0.20919566720372668,50.834547130505584
541,PL7.7,-86.14114999999998,0.6039055555,-2704.0,343.0,0.20919566720372668,71.75411385087826
542,PL7.8,-86.14114999999998,0.5901388889999999,-2696.0,352.0,0.20919566720372668,73.6368748557118
543,PL7.9,-86.14205000000001,0.5862333335000001,-2700.0,523.0,0.20919566720372668,109.40933394754906
544,PL8.1,-86.0382,0.6725166665,-2670.0,113.0,0.20919566720372668,23.639110394021113
545,PL8.10,-86.03720000000001,0.6333166665,-2724.0,444.0,0.20919566720372668,92.88287623845464
546,PL8.11,-86.0382,0.6234555555,-2702.0,502.0,0.20919566720372668,105.01622493627079
547,PL8.12,-86.03720000000001,0.6196,-2719.0,590.0,0.20919566720372668,123.42544365019874
548,PL8.13,-86.03914999999999,0.606822222,-2700.0,607.0,0.20919566720372668,126.9817699926621
549,PL8.14,-86.04999999999998,0.6029166665,-2728.0,398.0,0.20919566720372668,83.25987554708321
550,PL8.15,-86.04999999999998,0.5920666665000001,-2760.0,347.0,0.20919566720372668,72.59089651969316
551,PL8.16,-86.05099999999999,0.5891500000000001,-2758.0,314.0,0.20919566720372668,65.68743950197018
552,PL8.17,-86.04999999999998,0.5862333335000001,-2754.0,456.0,0.20919566720372668,95.39322424489936
553,PL8.18,-86.04999999999998,0.5843055555,-2753.0,280.0,0.20919566720372668,58.57478681704347
554,PL8.19,-86.05099999999999,0.5734555555,-2751.0,318.0,0.20919566720372668,66.52422217078508
555,PL8.2,-86.0382,0.6705388889999999,-2668.0,71.0,0.20919566720372668,14.852892371464595
556,PL8.20,-86.04999999999998,0.5686111110000001,-2753.0,327.0,0.20919566720372668,68.40698317561862
557,PL8.21,-86.04999999999998,0.557761111,-2758.0,230.0,0.20919566720372668,48.11500345685714
558,PL8.22,-86.04115,0.5529166665,-2768.0,582.0,0.20919566720372668,121.75187831256892
559,PL8.23,-86.04015000000001,0.55,-2708.0,406.0,0.20919566720372668,84.93344088471304
560,PL8.24,-86.04015000000001,0.5382111110000001,-2724.0,201.0,0.20919566720372668,42.04832910794906
561,PL8.25,-86.04204999999999,0.5352944445,-2758.0,360.0,0.20919566720372668,75.3104401933416
562,PL8.3,-86.0382,0.668611111,-2687.0,222.0,0.20919566720372668,46.44143811922732
563,PL8.4,-86.0382,0.6666833335,-2696.0,272.0,0.20919566720372668,56.90122147941366
564,PL8.5,-86.03720000000001,0.6539055555,-2691.0,787.0,0.20919566720372668,164.6369900893329
565,PL8.6,-86.03720000000001,0.6529166665,-2681.0,402.0,0.20919566720372668,84.09665821589812
566,PL8.7,-86.03720000000001,0.6420666665,-2711.0,314.0,0.20919566720372668,65.68743950197018
567,PL8.8,-86.03720000000001,0.638211111,-2721.0,276.0,0.20919566720372668,57.73800414822856
568,PL8.9,-86.03720000000001,0.6352944444999999,-2728.0,423.0,0.20919566720372668,88.48976722717639
569,PL9.1,-86.10195,0.6196,-2717.0,280.0,0.20919566720372668,58.57478681704347
571,PL9.12,-86.08529999999999,0.6029166665,-2743.0,268.0,0.20919566720372668,56.06443881059875
573,PL9.2,-86.09999999999998,0.617622222,-2730.0,260.0,0.20919566720372668,54.390873472968934
574,PL9.3,-86.09205,0.6166833335,-2732.0,410.0,0.20919566720372668,85.77022355352794
575,PL9.4,-86.09015,0.6077611110000001,-2728.0,335.0,0.20919566720372668,70.08054851324843
576,PL9.5,-86.09015,0.6077611110000001,-2723.0,423.0,0.20919566720372668,88.48976722717639
577,PL9.6,-86.08914999999999,0.6077611110000001,-2724.0,498.0,0.20919566720372668,104.17944226745588
578,PL9.7,-86.0882,0.606822222,-2726.0,435.0,0.20919566720372668,91.0001152336211
579,PL9.8,-86.0882,0.6058333335,-2723.0,410.0,0.20919566720372668,85.77022355352794
580,PL9.9,-86.0872,0.6048444445,-2726.0,419.0,0.20919566720372668,87.65298455836148
581,PSCAN10-2,-85.7669,3.669166667,-2808.0,157.0,0.655941062801959,102.98274685990755
582,PSCAN10-3,-85.8683,3.433333333,-2893.0,154.0,0.655941062801959,101.01492367150168
583,PSCAN10-4,-86.04999999999998,3.0,-3032.0,181.0,0.3892207512466684,70.44895597564698
584,PSCAN10-5,-86.0014,2.75,-2925.0,56.5,0.3892207512466684,21.990972445436764
585,PSCAN10-6,-86.0175,2.483611111,-2960.0,13.8,0.3892207512466684,5.371246367204024
586,PSCAN10-7,-86.0356,2.2513888890000002,-2827.0,12.6,0.2576360660905537,3.246214432740976
587,PSCAN10-8,-86.0522,2.0175,-3022.0,18.0,0.2576360660905537,4.637449189629966
588,PSCAN10-9,-86.0511,1.8183333330000002,-2804.0,198.0,0.2576360660905537,51.01194108592963
589,PSCAN1010,-86.1333,1.5833333330000001,-2776.0,191.0,0.2576360660905537,49.20848862329575
590,PSCAN1011,-86.16889999999998,1.4,-2742.0,216.0,0.2576360660905537,55.6493902755596
591,PSCAN1012,-86.1678,1.150277778,-2690.0,276.0,0.20919566720372668,57.73800414822856
592,PSCAN1013,-86.2167,0.983611111,-2705.0,232.0,0.20919566720372668,48.53339479126459
593,PSCAN1014,-86.2003,0.8683333329999999,-2589.0,311.0,0.20919566720372668,65.059852500359
594,PSCAN1017,-86.1353,0.666666667,-2727.0,98.0,0.20919566720372668,20.501175385965215
595,PSCAN1018,-86.1336,0.6183333329999999,-2645.0,166.0,0.20919566720372668,34.72648075581863
596,PSCAN1019,-86.10219999999998,0.5841666670000001,-2701.0,224.0,0.20919566720372668,46.859829453634774
597,PSCAN1020,-86.1014,0.551944444,-2695.0,393.0,0.20919566720372668,82.21389721106458
598,PSCAN1021,-86.2517,0.133611111,-2855.0,59.0,0.5737867108750859,33.85341594163007
599,PSCAN1022,-86.3022,-0.4175,-2729.0,176.0,0.5737867108750859,100.98646111401513
600,PSCAN1023,-86.33329999999998,-1.0,-1947.0,37.7,1.2952946877929272,48.83260972979336
601,PSCAN1024,-86.5,-1.5,-2518.0,33.9,1.2952946877929272,43.91048991618023
602,PSCAN1025,-86.7181,-1.9522222219999998,-2909.0,42.3,3.4519151529580694,146.01601097012633
603,PSCAN9-H5,-99.4519,3.484722222,-3442.0,36.8,9.142211205225932,336.4333723523143
604,PSCAN9-H6,-95.65,4.251666667,-3442.0,24.3,7.135411855382221,173.39050808578796
605,PV24-23,-87.34999999999998,6.933333332999999,-3155.0,126.0,3.4156486941312356,430.37173546053566
606,PV24-24,-90.6167,6.316666667000001,-3647.0,36.4,5.085534894936192,185.11347017567738
607,PV24-25,-93.5667,4.883333333,-3415.0,28.9,4.3683641501319705,126.24572393881394
608,PV24-26,-97.1333,3.066666667,-3206.0,56.9,9.098545495935243,517.7072387187153
609,RIS-32B,-102.6,5.6833166665,-3130.0,203.0,15.050368380258128,3055.2247811924
610,RIS-33,-102.1,5.65,-3175.0,310.5,15.050368380258128,4673.139382070149
611,RIS-34B,-101.71685000000001,5.7,-3440.0,28.05,15.050368380258128,422.1628330662405
612,RIS-35,-101.15,5.6,-3250.0,74.25,11.398939808829518,846.3712808055917
613,RIS-36,-100.83314999999999,5.6833166665,-3405.0,52.15,11.398939808829518,594.4547110304593
614,RIS-37,-101.93315000000001,5.7333166664999995,-3285.0,50.1,15.050368380258128,754.0234558509322
615,RIS-38,-99.9167,5.716683333500001,-3420.0,46.95,9.65991953855928,453.5332223353582
616,RIS-39,-98.7833,6.0833166665,-3470.0,39.2,8.613937395702123,337.66634591152325
617,RIS-40,-97.4167,6.6833166665,-3520.0,15.25,8.705274993289713,132.75544364766813
618,RIS-41,-96.1,6.966683333500001,-3785.0,3.2,8.168480638450996,26.13913804304319
619,RIS-42,-94.9667,6.95,-3740.0,49.0,7.650772305117664,374.88784295076556
620,RIS-43,-93.9333,5.0833166665,-3540.0,47.15,5.006948651919013,236.07762893798147
621,RIS-44,-92.15,4.116683333499999,-3150.0,23.0,3.1992604433304286,73.58299019659985
622,RIS-45,-90.7,3.2666833335,-2360.0,36.2,2.6121175861875656,94.55865661998989
623,RIS-46,-89.4667,2.2833166665,-2160.0,21.2,1.540821285945432,32.66541126204316
624,RIS-47B,-88.53329999999998,1.2166833334999998,-2480.0,220.5,1.9575046026287595,431.62976487964147
625,RIS-48B,-86.3833,0.25,-2760.0,195.0,0.5737867108750859,111.88840862064175
626,RIS-49,-85.9667,-0.15,-2750.0,27.1,0.5737867108750859,15.54961986471483
627,RIS-50,-85.54999999999998,-1.6833166665000001,-2440.0,249.0,1.3229856612768394,329.423429657933
628,RIS-51,-85.5167,-1.75,-2385.0,82.95,3.0765570898482864,255.20041060291535
629,RIS-52,-85.4833,-2.7333166665,-3220.0,127.0,3.0765570898482864,390.7227504107324
630,SCAN10-2,-85.76829999999998,3.6817,-2808.0,157.0,0.655941062801959,102.98274685990755
631,SCAN10-3,-85.8767,3.4333,-2893.0,154.0,0.655941062801959,101.01492367150168
632,SCAN10-4,-86.04999999999998,3.0,-3032.0,181.0,0.3892207512466684,70.44895597564698
633,SCAN10-5,-86.0083,2.75,-2925.0,57.0,0.3892207512466684,22.1855828210601
634,SCAN10-6,-86.02169999999998,2.485,-2960.0,14.0,0.3892207512466684,5.4490905174533575
635,SCAN10-7,-86.0467,2.2583,-2827.0,13.0,0.3892207512466684,5.059869766206689
636,SCAN10-8,-86.0633,2.0217,-3022.0,18.0,0.2576360660905537,4.637449189629966
637,SCAN10-9,-86.0567,1.8267,-2804.0,198.0,0.2576360660905537,51.01194108592963
638,SCAN1010,-86.1333,1.5833,-2776.0,191.0,0.2576360660905537,49.20848862329575
639,SCAN1011,-86.18,1.4,-2742.0,216.0,0.2576360660905537,55.6493902755596
640,SCAN1012,-86.1733,1.1517,-2690.0,276.0,0.20919566720372668,57.73800414822856
641,SCAN1013,-86.2167,3.985,-2705.0,232.0,0.655941062801959,152.17832657005448
642,SCAN1014,-86.2017,4.8767,-2589.0,311.0,1.2200027527967723,379.42085611979616
643,SCAN1017,-86.14499999999998,7.6667,-2727.0,98.0,6.150786942979187,602.7771204119604
644,SCAN1020,-86.1083,0.5617,-2695.0,393.0,0.20919566720372668,82.21389721106458
645,SCAN1021,-86.26,1.135,-2855.0,59.0,0.20919566720372668,12.342544365019874
646,SCAN1022,-86.3133,-2.4217,-2729.0,176.0,3.0488661163643744,536.6004364801299
647,SCAN1023,-86.33329999999998,-1.0,-1947.0,38.0,1.2952946877929272,49.221198136131235
648,SCAN1024,-86.5,-1.5,-2518.0,34.0,1.2952946877929272,44.04001938495953
649,SCAN1025,-86.72499999999998,-1.9633,-2909.0,42.0,3.4519151529580694,144.98043642423892
650,SCAN9-HF5,-99.4617,3.4917,-3442.0,37.0,9.142211205225932,338.2618145933595
651,SCAN9-HF6,-95.65,4.26,-3442.0,24.0,6.765620188715555,162.37488452917333
652,STW7-11,-86.00485,3.0372222219999996,-2965.0,200.0,0.3892207512466684,77.84415024933368
653,STW7-12,-85.98819999999999,2.870538889,-3007.0,202.0,0.3892207512466684,78.62259175182702
654,STW7-13,-85.97344999999999,2.701927778,-2988.0,17.1,0.3892207512466684,6.65567484631803
655,STW7-14,-85.9696,2.538211111,-3026.0,8.2,0.3892207512466684,3.1916101602226803
656,STW7-15,-85.99115,2.3852944445,-2941.0,26.0,0.3892207512466684,10.119739532413378
657,STW7-17A,-85.99115,2.2196,-2830.0,43.75,0.2576360660905537,11.271577891461723
658,STW7-17B,-85.98915,2.2225166665,-2830.0,27.1,0.2576360660905537,6.981937391054005
659,STW7-18A,-85.99115,2.2852944445,-2855.0,33.75,0.3892207512466684,13.136200354575058
660,STW7-18B,-85.98915,2.2843055555,-2855.0,62.9,0.3892207512466684,24.48198525341544
661,STW7-2,-83.29015000000001,4.341127778000001,-3281.0,99.1,1.3405093990061372,132.84448144150818
662,STW7-20,-86.0167,2.0577611109999996,-2764.0,88.14999999999999,0.2576360660905537,22.710619225882304
663,STW7-21,-86.01859999999999,2.0391500000000002,-3045.0,27.1,0.2576360660905537,6.981937391054005
664,STW7-22A,-86.02054999999999,1.971527778,-3391.0,2.95,0.2576360660905537,0.7600263949671334
665,STW7-22B,-86.02054999999999,1.9725166665,-3391.0,2.95,0.2576360660905537,0.7600263949671334
666,STW7-23A,-86.0167,1.8852944445,-2595.0,49.9,0.2576360660905537,12.856039697918629
667,STW7-23B,-86.00775,1.8891499999999999,-2595.0,645.0,0.2576360660905537,166.17526262840713
668,STW7-25,-86.0167,1.8234555554999998,-2650.0,276.0,0.2576360660905537,71.10755424099281
669,STW7-26A,-86.01759999999999,1.8577611109999999,-2612.0,130.0,0.2576360660905537,33.49268859177198
670,STW7-26B,-86.01859999999999,1.8666833335,-2612.0,92.05,0.2576360660905537,23.715399883635463
671,STW7-27,-86.0167,2.1715277779999997,-2931.0,5.0,0.2576360660905537,1.2881803304527684
672,STW7-28,-86.26759999999999,2.451927778,-2727.0,66.1,0.3892207512466684,25.727491657404777
673,STW7-29,-86.65195,2.38915,-2481.0,94.1,0.7922697878403634,74.55258703577819
674,STW7-3,-83.25485,3.9734555555,-3410.0,44.2,0.9830146514874836,43.449247595746776
675,STW7-31A,-86.3029,2.587222222,-2969.0,22.8,0.3892207512466684,8.87423312842404
676,STW7-31B,-86.30099999999999,2.5901388890000003,-2969.0,33.95,0.3892207512466684,13.214044504824393
677,STW7-32,-86.59205,2.50875,-3060.0,97.05,0.3892207512466684,37.773873908489165
678,STW7-33,-86.70585,2.7715277780000003,-3007.0,184.0,0.7922697878403634,145.77764096262686
679,STW7-34,-86.72344999999999,2.58915,-3077.0,26.2,0.7922697878403634,20.75746844141752
680,STW7-36,-85.6353,2.0833166665,-2832.0,86.95,0.2576360660905537,22.40145594657364
681,STW7-37A,-85.67054999999999,1.9862333335,-2779.0,90.2,0.2576360660905537,23.23877316136794
682,STW7-37B,-85.6686,1.9862333335,-2779.0,75.89999999999999,0.2576360660905537,19.554577416273023
683,STW7-38,-85.6676,1.7352944445,-2820.0,31.2,0.2576360660905537,8.038245262025274
684,STW7-39,-85.65679999999999,1.45875,-2725.0,411.0,0.2576360660905537,105.88842316321755
685,STW7-4,-83.44205,3.618611111,-2988.0,56.05,0.9830146514874836,55.09797121587345
686,STW7-40,-85.65,1.1744444445,-2800.0,153.0,0.20919566720372668,32.00693708217018
687,STW7-41,-85.6676,0.9666833335,-2705.0,163.0,0.20919566720372668,34.098893754207445
688,STW7-42,-85.67344999999999,0.770538889,-2701.0,127.0,0.20919566720372668,26.56784973487329
689,STW7-43,-86.14205000000001,0.8362333335000001,-2730.0,10.75,0.20919566720372668,2.2488534224400616
690,STW7-46,-86.14114999999998,0.856822222,-2620.0,436.0,0.20919566720372668,91.20931090082483
691,STW7-51,-86.10679999999999,0.7166833335,-2600.0,507.0,0.20919566720372668,106.06220327228942
692,STW7-52,-86.1353,0.738211111,-2750.0,105.0,0.20919566720372668,21.9655450563913
693,STW7-58,-86.1196,0.7362333335,-2730.0,90.0,0.20919566720372668,18.8276100483354
694,STW7-60,-86.17249999999999,0.6362333335,-2740.0,386.0,0.20919566720372668,80.7495275406385
695,STW7-62,-86.18430000000001,0.5843055555,-2720.0,194.0,0.20919566720372668,40.58395943752298
696,STW7-68,-86.22445,0.5666833335,-2720.0,290.0,0.20919566720372668,60.66674348908074
697,STW7-70A,-86.15679999999999,0.28722222199999997,-2725.0,343.0,0.20919566720372668,71.75411385087826
698,STW7-70B,-86.15484999999998,0.2833166665,-2725.0,997.0,0.20919566720372668,208.5680802021155
699,STW7-72,-85.98719999999997,0.1754333335,-2817.0,128.0,0.5737867108750859,73.444698992011
700,STW7-8.1,-83.45775,2.8039055555,-3139.0,78.85,0.716294339932193,56.47980870365342
701,STW7-8.2,-83.45679999999999,2.8019277780000005,-3139.0,84.79999999999998,0.716294339932193,60.741760026249956
702,STW716.1,-86.00485,2.1039055555,-2710.0,109.0,0.2576360660905537,28.08233120387035
703,STW716.2,-86.00389999999999,2.1058333334999997,-2710.0,124.0,0.2576360660905537,31.946872195228657
704,STW716.3,-86.00389999999999,2.106822222,-2710.0,182.0,0.2576360660905537,46.88976402848077
705,STW716.4,-86.00389999999999,2.10875,-2710.0,84.1,0.2576360660905537,21.66719315821556
706,STW716.5,-86.00289999999998,2.1166833335,-2710.0,113.0,0.2576360660905537,29.112875468232566
707,STW716.6,-86.00195,2.117622222,-2710.0,66.8,0.2576360660905537,17.210089214848985
708,STW719.2,-86.0167,2.138211111,-2893.0,8.900000000000002,0.2576360660905537,2.292960988205928
709,STW719.3,-86.0167,2.13915,-2893.0,1.85,0.2576360660905537,0.47662672226752434
710,STW724.1,-86.01859999999999,1.95,-3367.0,16.85,0.2576360660905537,4.34116771362583
711,STW724.2,-86.01859999999999,1.9420666665000001,-3367.0,13.2,0.2576360660905537,3.400796072395308
712,STW724.3,-86.01859999999999,1.940138889,-3367.0,27.8,0.2576360660905537,7.162282637317392
713,STW724.4,-86.01859999999999,1.937222222,-3367.0,28.75,0.2576360660905537,7.407036900103418
714,STW724.5,-86.01859999999999,1.9352944445000002,-3367.0,55.15,0.2576360660905537,14.208629044894035
715,STW724.6,-86.01859999999999,1.9254333335,-3367.0,26.9,0.2576360660905537,6.930410177835894
716,STW724.7,-86.01859999999999,1.921527778,-3367.0,41.75,0.2576360660905537,10.756305759280616
717,STW724.8,-86.0196,1.9166833335,-3367.0,26.9,0.2576360660905537,6.930410177835894
718,STW730.1,-86.6343,2.6754333335,-2950.0,86.14999999999999,0.7922697878403634,68.2540422224473
719,STW730.2,-86.6333,2.6843055555,-2950.0,175.0,0.7922697878403634,138.6472128720636
720,STW730.3,-86.62545,2.6862333334999997,-2950.0,119.0,0.7922697878403634,94.28010475300324
721,STW735.1,-85.73429999999999,2.641127778,-2950.0,17.1,0.3892207512466684,6.65567484631803
722,STW735.2,-85.72545,2.3920666665,-2950.0,20.95,0.3892207512466684,8.154174738617701
723,STW735.3,-85.72445,2.3920666665,-2950.0,26.9,0.3892207512466684,10.47003820853538
724,STW735.4,-85.72344999999999,2.3920666665,-2950.0,24.15,0.3892207512466684,9.39968114260704
725,STW735.5,-85.72155,2.391127778,-2950.0,19.15,0.3892207512466684,7.453577386373699
726,STW745.1,-86.1676,0.8420666665000001,-2580.0,185.0,0.20919566720372668,38.70119843268944
727,STW745.2,-86.15875,0.8391500000000001,-2630.0,92.0,0.20919566720372668,19.246001382742854
728,STW750.2,-86.11760000000001,0.741127778,-2700.0,54.2,0.20919566720372668,11.338405162441987
729,STW753.1,-86.15,0.756822222,-2670.0,178.0,0.20919566720372668,37.23682876226335
730,STW753.2,-86.14114999999998,0.7420666665,-2740.0,88.0,0.20919566720372668,18.40921871392795
731,STW754.1,-86.12444999999998,0.750988889,-2690.0,31.2,0.20919566720372668,6.526904816756272
732,STW754.2,-86.12444999999998,0.7420666665,-2700.0,44.9,0.20919566720372668,9.392885457447328
733,STW754.3,-86.12444999999998,0.741127778,-2680.0,93.9,0.20919566720372668,19.643473150429937
734,STW754.4,-86.12444999999998,0.738211111,-2760.0,785.0,0.20919566720372668,164.21859875492544
735,STW754.5,-86.12545,0.7362333335,-2760.0,241.0,0.20919566720372668,50.41615579609813
736,STW754.6,-86.1333,0.7244444445,-2760.0,259.0,0.20919566720372668,54.18167780576521
737,STW754.7,-86.1333,0.721527778,-2590.0,715.0,0.20919566720372668,149.57490205066458
738,STW754.8,-86.1343,0.717622222,-2600.0,369.0,0.20919566720372668,77.19320119817515
739,STW755.1,-86.1882,0.701927778,-2670.0,79.79999999999998,0.20919566720372668,16.693814242857385
740,STW755.2,-86.18914999999998,0.7,-2720.0,136.0,0.20919566720372668,28.45061073970683
741,STW755.3,-86.18914999999998,0.690138889,-2720.0,43.05,0.20919566720372668,9.005873473120433
742,STW756.1,-86.1882,0.6734555555,-2770.0,104.0,0.20919566720372668,21.756349389187573
743,STW756.2,-86.1882,0.671527778,-2730.0,128.0,0.20919566720372668,26.777045402077015
744,STW757.1,-86.19205,0.6058333335,-2720.0,140.0,0.20919566720372668,29.287393408521734
745,STW757.2,-86.201,0.6166833335,-2720.0,170.0,0.20919566720372668,35.56326342463353
746,STW759.1,-86.1372,0.690138889,-2720.0,49.9,0.20919566720372668,10.438863793465961
747,STW759.2,-86.13625,0.688211111,-2720.0,51.75,0.20919566720372668,10.825875777792856
748,STW759.3,-86.1372,0.6852944445,-2640.0,249.0,0.20919566720372668,52.08972113372794
749,STW759.4,-86.14014999999999,0.6754333335,-2680.0,113.0,0.20919566720372668,23.639110394021113
750,STW759.5,-86.14205000000001,0.6725166665,-2740.0,117.0,0.20919566720372668,24.475893062836022
751,STW759.6,-86.15195,0.6696,-2690.0,89.0,0.20919566720372668,18.618414381131675
752,STW761.1,-86.1686,0.6696,-2740.0,74.75,0.20919566720372668,15.63737612347857
753,STW761.2,-86.15875,0.6725166665,-2750.0,55.15,0.20919566720372668,11.537141046285527
754,STW761.3,-86.15584999999999,0.6744444445,-2730.0,45.1,0.20919566720372668,9.434724590888074
755,STW763.2,-86.2,0.807761111,-2720.0,236.0,0.20919566720372668,49.370177460079496
756,STW763.3,-86.19205,0.8058333335000001,-2720.0,256.0,0.20919566720372668,53.55409080415403
757,STW763.4,-86.19205,0.801927778,-2650.0,294.0,0.20919566720372668,61.50352615789564
758,STW763.5,-86.19115,0.6254333335,-2640.0,497.0,0.20919566720372668,103.97024660025215
759,STW763.6,-86.19014999999999,0.620538889,-2660.0,399.0,0.20919566720372668,83.46907121428694
760,STW763.7,-86.1882,0.6166833335,-2720.0,223.0,0.20919566720372668,46.65063378643105
761,STW763.8,-86.18625,0.6029166665,-2720.0,84.0,0.20919566720372668,17.57243604511304
762,STW763.9,-86.18625,0.6039055555,-2720.0,78.14999999999999,0.20919566720372668,16.34864139197124
763,STW76310,-86.18430000000001,0.6,-2720.0,355.0,0.20919566720372668,74.26446185732297
764,STW76311,-86.1833,0.5911277779999999,-2720.0,324.0,0.20919566720372668,67.77939617400745
765,STW764.1,-86.17545000000001,0.5901388889999999,-2720.0,533.0,0.20919566720372668,111.50129061958631
766,STW764.2,-86.17545000000001,0.5891500000000001,-2720.0,796.0,0.20919566720372668,166.51975109416642
767,STW764.3,-86.17545000000001,0.587222222,-2720.0,360.0,0.20919566720372668,75.3104401933416
768,STW765.1,-86.17249999999999,0.5686111110000001,-2720.0,376.0,0.20919566720372668,78.65757086860123
769,STW765.2,-86.17154999999998,0.567622222,-2720.0,442.0,0.20919566720372668,92.4644849040472
770,STW766.1,-86.18529999999998,0.550988889,-2780.0,96.85,0.20919566720372668,20.260600368680926
771,STW766.2,-86.18430000000001,0.541127778,-2780.0,80.2,0.20919566720372668,16.77749250973888
772,STW767.1,-86.14014999999999,0.571527778,-2720.0,546.0,0.20919566720372668,114.22083429323476
773,STW767.2,-86.14014999999999,0.567622222,-2720.0,421.0,0.20919566720372668,88.07137589276893
774,STW767.3,-86.14114999999998,0.557761111,-2700.0,298.0,0.20919566720372668,62.34030882671055
775,STW767.4,-86.14114999999998,0.5539055555,-2730.0,215.0,0.20919566720372668,44.977068448801234
776,STW767.5,-86.14205000000001,0.55,-2760.0,152.0,0.20919566720372668,31.797741414966456
777,STW767.6,-86.15,0.541127778,-2780.0,183.0,0.20919566720372668,38.282807098281985
778,STW767.7,-86.15,0.537222222,-2780.0,353.0,0.20919566720372668,73.84607052291551
779,STW769.1,-86.17344999999999,0.5333166665,-2770.0,264.0,0.20919566720372668,55.22765614178384
780,STW769.2,-86.17344999999999,0.5244444445,-2750.0,322.0,0.20919566720372668,67.36100483959999
781,STW769.3,-86.17344999999999,0.5225166665,-2750.0,390.0,0.20919566720372668,81.5863102094534
782,STW769.4,-86.17344999999999,0.517622222,-2730.0,1270.0,0.20919566720372668,265.6784973487329
783,STW769.5,-86.17344999999999,0.507761111,-2750.0,356.0,0.20919566720372668,74.4736575245267
784,STW769.6,-86.17249999999999,0.5048444445,-2790.0,337.0,0.20919566720372668,70.49893984765589
785,STW769.7,-86.17154999999998,0.501927778,-2760.0,334.0,0.20919566720372668,69.87135284604472
786,STW769.8,-86.17054999999999,0.49206666649999997,-2780.0,318.0,0.20919566720372668,66.52422217078508
787,STW771.1,-86.201,0.0696,-2941.0,197.0,0.5737867108750859,113.03598204239192
788,STW771.2,-86.19205,0.054844444500000006,-2941.0,195.0,0.5737867108750859,111.88840862064175
789,STW771.3,-86.19014999999999,0.0420666665,-2941.0,183.0,0.5737867108750859,105.00296809014073
790,STW771.4,-86.19014999999999,0.041127778000000004,-2941.0,174.0,0.5737867108750859,99.83888769226495
791,STW771.5,-86.19014999999999,0.05,-2941.0,166.0,0.5737867108750859,95.24859400526427
792,TRIPOD-1,-84.59999999999998,0.6666833335,-3003.0,147.0,0.26410855495223645,38.82395757797876
793,TRIPOD-2,-84.9167,-1.6333166665,-2214.0,134.0,1.3229856612768394,177.28007861109649
794,TRIPOD-4,-86.03329999999998,-2.0,-2580.0,92.05,3.0488661163643744,280.64812601134065
795,TRIPOD-5,-86.2333,1.8833166665,-2688.0,193.0,0.2576360660905537,49.72376075547686
796,TRIPOD-6,-87.0,0.1,-2664.0,54.2,0.9768357474687811,52.94449751280794
797,TRIPOD-7,-87.06669999999998,-1.8833166665,-2768.0,134.0,3.4519151529580694,462.5566304963813
798,TRIPOD10,-88.0167,0.9,-2482.0,134.0,1.9575046026287595,262.30561675225374
799,TRIPOD11,-88.0167,1.85,-2516.0,151.0,2.0059450015155864,302.89769522885354
800,TRIPOD12,-88.84999999999998,4.2666833335,-2328.0,29.15,2.25484457348249,65.72871931701458
801,TRIPOD13,-89.6333,5.033316666499999,-2870.0,105.0,2.714524902868136,285.0251148011543
802,TRIPOD14,-90.8333,6.216683333500001,-3626.0,50.1,3.9210244672232264,196.44332580788364
803,TRIPOD15,-92.25,7.75,-3442.0,56.95,8.694106323507658,495.1293551237611
804,TT198-10A,-83.6923,1.2012,-3419.0,201.0,0.26410855495223645,53.085819545399524
805,TT198-10B,-83.691,1.1941,-3393.0,180.0,0.26410855495223645,47.53953989140256
806,TT198-10C,-83.6991,1.1946,-3401.0,192.0,0.26410855495223645,50.7088425508294
807,TT198-10D,-83.70869999999998,1.1938,-3412.0,194.0,0.26410855495223645,51.23705966073387
808,TT198-10F,-83.7265,1.1936,-3404.0,227.0,0.26410855495223645,59.95264197415767
809,TT198-10G,-83.7356,1.193,-3419.0,165.0,0.26410855495223645,43.57791156711902
810,TT198-10H,-83.7454,1.192,-3409.0,213.0,0.26410855495223645,56.255122204826364
811,TT198-10I,-83.75369999999998,1.192,-3399.0,235.0,0.26410855495223645,62.06551041377556
812,TT198-10J,-83.7628,1.1921,-3400.0,235.0,0.26410855495223645,62.06551041377556
813,TT198-10K,-83.7723,1.1925,-3406.0,270.0,0.26410855495223645,71.30930983710384
814,TT198-10L,-83.7722,1.1826,-3399.0,273.0,0.26410855495223645,72.10163550196056
815,TT198-10M,-83.7626,1.1824,-3389.0,300.0,0.26410855495223645,79.23256648567093
816,TT198-10N,-83.75409999999998,1.1831,-3393.0,253.0,0.26410855495223645,66.81946440291583
817,TT198-10O,-83.7448,1.1831,-3392.0,258.0,0.26410855495223645,68.140007177677
818,TT198-10P,-83.7358,1.1842,-3397.0,271.0,0.26410855495223645,71.57341839205608
819,TT198-10Q,-83.72679999999998,1.1843,-3399.0,227.0,0.26410855495223645,59.95264197415767
820,TT198-10R,-83.71779999999998,1.1848,-3385.0,176.0,0.26410855495223645,46.48310567159361
821,TT198-10S,-83.709,1.1847,-3394.0,210.0,0.26410855495223645,55.46279653996965
822,TT198-10T,-83.7003,1.185,-3393.0,204.0,0.26410855495223645,53.878145210256235
823,TT198-11,-83.70879999999998,1.222,-3458.0,347.0,0.26410855495223645,91.64566856842605
824,TT198-12A,-83.7179,1.2297,-3454.0,191.0,0.26410855495223645,50.444733995877165
825,TT198-12B,-83.7189,1.229,-3460.0,194.0,0.26410855495223645,51.23705966073387
826,TT198-12J,-83.718,1.211,-3445.0,191.0,0.26410855495223645,50.444733995877165
827,TT198-12K,-83.7209,1.2243,-3463.0,198.0,0.26410855495223645,52.29349388054282
828,TT198-12L,-83.7205,1.2225,-3468.0,205.0,0.26410855495223645,54.14225376520847
829,TT198-12M,-83.7209,1.2204,-3465.0,224.0,0.26410855495223645,59.16031630930097
830,TT198-12N,-83.7209,1.2189,-3448.0,245.0,0.26410855495223645,64.70659596329793
831,TT198-12O,-83.7213,1.2168,-3436.0,281.0,0.26410855495223645,74.21450394157844
832,TT198-12P,-83.7214,1.2151,-3463.0,211.0,0.26410855495223645,55.72690509492189
833,TT198-12Q,-83.7211,1.2128,-3446.0,188.0,0.26410855495223645,49.65240833102045
834,TT198-12R,-83.7209,1.2113,-3446.0,188.0,0.26410855495223645,49.65240833102045
835,TT198-12S,-83.7226,1.2204,-3470.0,228.0,0.26410855495223645,60.21675052910991
836,TT198-12T,-83.7236,1.2185,-3448.0,235.0,0.26410855495223645,62.06551041377556
837,TT198-12U,-83.724,1.2168,-3431.0,285.0,0.26410855495223645,75.27093816138739
838,TT198-12V,-83.7235,1.2151,-3434.0,194.0,0.26410855495223645,51.23705966073387
839,TT198-12W,-83.72369999999998,1.2131,-3446.0,192.0,0.26410855495223645,50.7088425508294
840,TT198-12X,-83.7236,1.2114,-3453.0,182.0,0.26410855495223645,48.06775700130704
841,TT198-13,-83.7239,1.2169,-3430.0,310.0,0.26410855495223645,81.8736520351933
842,TT198-14C,-83.73609999999998,1.2202,-3460.0,237.0,0.26410855495223645,62.59372752368004
843,TT198-14G,-83.768,1.2201,-3478.0,204.0,0.26410855495223645,53.878145210256235
844,TT198-14H,-83.7733,1.2289,-3429.0,188.0,0.26410855495223645,49.65240833102045
845,TT198-14I,-83.7641,1.2297,-3452.0,233.0,0.26410855495223645,61.537293303871095
846,TT198-14J,-83.7551,1.2293,-3451.0,193.0,0.26410855495223645,50.97295110578163
847,TT198-14K,-83.7462,1.2297,-3441.0,208.0,0.26410855495223645,54.934579430065185
848,TT198-14L,-83.7365,1.2391,-3439.0,209.0,0.26410855495223645,55.19868798501742
849,TT198-14M,-83.73229999999998,1.2295,-3445.0,214.0,0.26410855495223645,56.5192307597786
850,TT198-14N,-83.7278,1.2294,-3458.0,196.0,0.26410855495223645,51.765276770638344
851,TT198-14O,-83.7232,1.2297,-3458.0,203.0,0.26410855495223645,53.614036655304
852,TT198-14P,-83.7189,1.2296,-3477.0,201.0,0.26410855495223645,53.085819545399524
853,TT198-14Q,-83.71429999999998,1.2298,-3448.0,195.0,0.26410855495223645,51.50116821568611
854,TT198-14R,-83.7095,1.2299,-3470.0,192.0,0.26410855495223645,50.7088425508294
855,TT198-14S,-83.70059999999998,1.2298,-3441.0,182.0,0.26410855495223645,48.06775700130704
856,TT198-14T,-83.69119999999998,1.2306,-3330.0,181.0,0.26410855495223645,47.8036484463548
857,TT198-15,-83.721,1.217,-3435.0,300.0,0.26410855495223645,79.23256648567093
858,TT198-16A,-83.7322,1.2204,-3472.0,296.0,0.26410855495223645,78.176132265862
859,TT198-16B,-83.7318,1.2229,-3472.0,254.0,0.26410855495223645,67.08357295786806
860,TT198-16C,-83.732,1.2251,-3472.0,245.0,0.26410855495223645,64.70659596329793
861,TT198-16D,-83.7322,1.2179,-3468.0,240.0,0.26410855495223645,63.38605318853675
862,TT198-16E,-83.7365,1.2181,-3460.0,257.0,0.26410855495223645,67.87589862272476
863,TT198-16F,-83.7415,1.2175,-3460.0,226.0,0.26410855495223645,59.68853341920544
864,TT198-16H,-83.7505,1.2173,-3442.0,203.0,0.26410855495223645,53.614036655304
865,TT198-16I,-83.7549,1.2176,-3456.0,200.0,0.26410855495223645,52.82171099044729
866,TT198-16J,-83.75929999999998,1.218,-3455.0,212.0,0.26410855495223645,55.99101364987413
867,TT198-16K,-83.7582,1.1875,-3383.0,293.0,0.26410855495223645,77.38380660100528
868,TT198-16L,-83.7578,1.1848,-3389.0,347.0,0.26410855495223645,91.64566856842605
869,TT198-17,-83.7612,1.185,-3379.0,307.0,0.26410855495223645,81.0813263703366
870,TT198-18D,-83.7628,1.1746,-3426.0,199.0,0.26410855495223645,52.557602435495056
871,TT198-18E,-83.7535,1.1746,-3419.0,190.0,0.26410855495223645,50.18062544092493
872,TT198-18F,-83.74509999999998,1.1746,-3421.0,180.0,0.26410855495223645,47.53953989140256
873,TT198-18G,-83.73569999999998,1.1751,-3426.0,184.0,0.26410855495223645,48.595974111211504
874,TT198-18H,-83.7269,1.1752,-3432.0,192.0,0.26410855495223645,50.7088425508294
875,TT198-18I,-83.71769999999998,1.1755,-3400.0,182.0,0.26410855495223645,48.06775700130704
876,TT198-18J,-83.7074,1.1755,-3389.0,185.0,0.26410855495223645,48.86008266616374
877,TT198-18K,-83.6992,1.1752,-3396.0,204.0,0.26410855495223645,53.878145210256235
878,TT198-18L,-83.6902,1.1754,-3386.0,226.0,0.26410855495223645,59.68853341920544
879,TT198-20A,-83.77299999999998,1.2389,-3427.0,210.0,0.26410855495223645,55.46279653996965
880,TT198-20B,-83.7643,1.2388,-3408.0,230.0,0.26410855495223645,60.744967639014384
881,TT198-20C,-83.75499999999998,1.2386,-3408.0,223.0,0.26410855495223645,58.89620775434873
882,TT198-20E,-83.7368,1.2292,-3415.0,211.0,0.26410855495223645,55.72690509492189
883,TT198-20F,-83.72679999999998,1.2393,-3435.0,187.0,0.26410855495223645,49.388299776068216
884,TT198-20G,-83.71859999999998,1.2391,-3429.0,189.0,0.26410855495223645,49.91651688597269
885,TT198-20H,-83.7099,1.2388,-3427.0,181.0,0.26410855495223645,47.8036484463548
886,TT198-20I,-83.7009,1.2388,-3416.0,182.0,0.26410855495223645,48.06775700130704
887,TT198-20J,-83.69209999999998,1.2394,-3418.0,177.0,0.26410855495223645,46.74721422654585
888,TT198-20K,-83.69169999999998,1.2479,-3401.0,187.0,0.26410855495223645,49.388299776068216
889,TT198-20L,-83.7001,1.2476,-3421.0,180.0,0.26410855495223645,47.53953989140256
890,TT198-20M,-83.70959999999998,1.2487,-3429.0,169.0,0.26410855495223645,44.63434578692796
891,TT198-20N,-83.7189,1.2477,-3432.0,175.0,0.26410855495223645,46.218997116641376
892,TT198-20O,-83.7282,1.2476,-3433.0,179.0,0.26410855495223645,47.275431336450325
893,TT198-20P,-83.7373,1.2477,-3433.0,208.0,0.26410855495223645,54.934579430065185
894,TT198-20Q,-83.7466,1.2474,-3420.0,229.0,0.26410855495223645,60.480859084062146
895,TT198-20R,-83.7556,1.2476,-3400.0,241.0,0.26410855495223645,63.65016174348899
896,TT198-20S,-83.76439999999998,1.2476,-3397.0,255.0,0.26410855495223645,67.3476815128203
897,TT198-20T,-83.77249999999998,1.2473,-3420.0,344.0,0.26410855495223645,90.85334290356934
898,TT198-24A,-83.77209999999998,1.1876,-3268.0,331.0,0.26410855495223645,87.41993168919026
899,TT198-24B,-83.7676,1.1898,-3381.0,303.0,0.26410855495223645,80.02489215052765
900,TT198-24C,-83.7638,1.1868,-3370.0,289.0,0.26410855495223645,76.32737238119634
901,TT198-24D,-83.75799999999998,1.1863,-3381.0,312.0,0.26410855495223645,82.40186914509778
902,TT198-24E,-83.7539,1.1864,-3381.0,289.0,0.26410855495223645,76.32737238119634
903,TT198-24F,-83.74939999999998,1.1864,-3359.0,229.0,0.26410855495223645,60.480859084062146
904,TT198-24G,-83.7492,1.1831,-3386.0,276.0,0.26410855495223645,72.89396116681726
905,TT198-24H,-83.7493,1.1802,-3402.0,233.0,0.26410855495223645,61.537293303871095
906,TT198-24I,-83.7445,1.1807,-3399.0,235.0,0.26410855495223645,62.06551041377556
907,TT198-24J,-83.74509999999998,1.187,-3378.0,201.0,0.26410855495223645,53.085819545399524
908,TT198-24K,-83.7398,1.1858,-3391.0,223.0,0.26410855495223645,58.89620775434873
909,TT198-24L,-83.73529999999998,1.1859,-3397.0,219.0,0.26410855495223645,57.83977353453978
910,TT198-24M,-83.7532,1.188,-3366.0,246.0,0.26410855495223645,64.97070451825017
911,TT198-24N,-83.7607,1.1891,-3381.0,285.0,0.26410855495223645,75.27093816138739
912,TT198-24O,-83.7675,1.1907,-3389.0,276.0,0.26410855495223645,72.89396116681726
913,TT198-24P,-83.77249999999998,1.19,-3394.0,303.0,0.26410855495223645,80.02489215052765
914,TT198-24Q,-83.7767,1.1906,-3376.0,311.0,0.26410855495223645,82.13776059014553
915,TT198-24R,-83.78159999999998,1.1884,-3369.0,391.0,0.26410855495223645,103.26644498632446
916,TT198-24S,-83.7857,1.1886,-3372.0,268.0,0.26410855495223645,70.78109272719936
917,TT198-24T,-83.7857,1.1835,-3409.0,300.0,0.26410855495223645,79.23256648567093
918,TT198-26A,-83.7826,1.2564,-3431.0,249.0,0.26410855495223645,65.76303018310688
919,TT198-26B,-83.7913,1.2566,-3442.0,221.0,0.26410855495223645,58.367990644444255
920,TT198-26C,-83.7913,1.2466,-3421.0,266.0,0.26410855495223645,70.25287561729489
921,TT198-26D,-83.78109999999998,1.2473,-3441.0,273.0,0.26410855495223645,72.10163550196056
922,TT198-26E,-83.7823,1.2383,-3430.0,234.0,0.26410855495223645,61.80140185882333
923,TT198-26F,-83.7912,1.2381,-3437.0,195.0,0.26410855495223645,51.50116821568611
924,TT198-26G,-83.7913,1.2295,-3444.0,200.0,0.26410855495223645,52.82171099044729
925,TT198-26H,-83.7831,1.2276,-3450.0,199.0,0.26410855495223645,52.557602435495056
926,TT198-26I,-83.7825,1.2189,-3426.0,226.0,0.26410855495223645,59.68853341920544
927,TT198-26K,-83.7913,1.2109,-3420.0,166.0,0.26410855495223645,43.842020122071254
928,TT198-26L,-83.736,1.2031,-3432.0,184.0,0.26410855495223645,48.595974111211504
929,TT198-26M,-83.78149999999998,1.2018,-3411.0,201.0,0.26410855495223645,53.085819545399524
930,TT198-26N,-83.7813,1.1927,-3380.0,296.0,0.26410855495223645,78.176132265862
931,TT198-26O,-83.7812,1.1833,-3396.0,311.0,0.26410855495223645,82.13776059014553
932,TT198-26P,-83.7813,1.1741,-3446.0,243.0,0.26410855495223645,64.17837885339345
933,TT198-28A,-83.69199999999998,1.2572,-3427.0,191.0,0.3125489538390634,59.696850183261105
934,TT198-28B,-83.7008,1.2574,-3427.0,180.0,0.3125489538390634,56.25881169103141
935,TT198-28C,-83.7099,1.2575,-3425.0,207.0,0.3125489538390634,64.69763344468612
936,TT198-28D,-83.7193,1.2574,-3420.0,194.0,0.3125489538390634,60.6344970447783
937,TT198-28E,-83.72719999999998,1.2574,-3440.0,168.0,0.3125489538390634,52.50822424496265
938,TT198-28F,-83.7369,1.2572,-3448.0,187.0,0.3125489538390634,58.446654367904856
939,TT198-28H,-83.75499999999998,1.2574,-3432.0,209.0,0.3125489538390634,65.32273135236424
940,TT198-28I,-83.7641,1.2561,-3407.0,250.0,0.26410855495223645,66.02713873805911
941,TT198-28J,-83.7732,1.2564,-3428.0,206.0,0.26410855495223645,54.40636232016071
942,TT198-28K,-83.7731,1.2519,-3422.0,224.0,0.26410855495223645,59.16031630930097
943,TT198-28L,-83.7732,1.2455,-3415.0,272.0,0.26410855495223645,71.83752694700831
944,TT198-29,-83.78159999999998,1.1882,-3370.0,380.0,0.26410855495223645,100.36125088184986
945,TT198-30A,-83.76099999999998,1.1834,-3395.0,308.0,0.26410855495223645,81.34543492528883
946,TT198-30B,-83.7613,1.1805,-3398.0,264.0,0.26410855495223645,69.72465850739043
947,TT198-30C,-83.7609,1.1761,-3416.0,206.0,0.26410855495223645,54.40636232016071
948,TT198-30D,-83.7775,1.1881,-3370.0,330.0,0.26410855495223645,87.15582313423803
949,TT198-30E,-83.7767,1.1832,-3388.0,309.0,0.26410855495223645,81.60954348024106
950,TT198-30F,-83.7767,1.1783,-3418.0,276.0,0.26410855495223645,72.89396116681726
951,TT198-30G,-83.78189999999998,1.1787,-3410.0,251.0,0.26410855495223645,66.29124729301135
952,TT198-30H,-83.7861,1.1787,-3410.0,232.0,0.26410855495223645,61.27318474891886
953,TT198-30I,-83.7899,1.1837,-3409.0,342.0,0.26410855495223645,90.32512579366487
954,TT198-30J,-83.7949,1.1831,-3413.0,321.0,0.26410855495223645,84.7788461396679
955,TT198-31,-83.7611,1.1877,-3373.0,282.0,0.26410855495223645,74.47861249653067
956,TT198-3A,-83.7264,1.2212,-3466.0,243.0,0.26410855495223645,64.17837885339345
957,TT198-3B,-83.71309999999998,1.2257,-3450.0,245.0,0.26410855495223645,64.70659596329793
958,TT198-3C,-83.70789999999998,1.2257,-3451.0,213.0,0.26410855495223645,56.255122204826364
959,TT198-3D,-83.70829999999998,1.2203,-3468.0,304.0,0.26410855495223645,80.28900070547988
960,TT198-3E,-83.7044,1.2208,-3465.0,239.0,0.26410855495223645,63.12194463358451
961,TT198-3F,-83.7009,1.2209,-3467.0,262.0,0.26410855495223645,69.19644139748596
962,TT198-3G,-83.6919,1.2212,-3450.0,239.0,0.26410855495223645,63.12194463358451
963,TT198-3H,-83.6913,1.2119,-3445.0,227.0,0.26410855495223645,59.95264197415767
964,TT198-3I,-83.7013,1.2114,-3450.0,221.0,0.26410855495223645,58.367990644444255
965,TT198-3J,-83.7085,1.2112,-3439.0,189.0,0.26410855495223645,49.91651688597269
966,TT198-3K,-83.71389999999998,1.2108,-3443.0,228.0,0.26410855495223645,60.21675052910991
967,TT198-3L,-83.7166,1.2111,-3449.0,206.0,0.26410855495223645,54.40636232016071
968,TT198-3M,-83.7213,1.2109,-3446.0,197.0,0.26410855495223645,52.02938532559058
969,TT198-3N,-83.72679999999998,1.2091,-3462.0,184.0,0.26410855495223645,48.595974111211504
970,TT198-3O,-83.73099999999998,1.2112,-3451.0,183.0,0.26410855495223645,48.331865556259274
971,TT198-3P,-83.7358,1.2114,-3457.0,206.0,0.26410855495223645,54.40636232016071
972,TT198-3Q,-83.74049999999998,1.2109,-3466.0,182.0,0.26410855495223645,48.06775700130704
973,TT198-6A,-83.71339999999998,1.2206,-3469.0,230.0,0.26410855495223645,60.744967639014384
974,TT198-6B,-83.7138,1.2159,-3451.0,245.0,0.26410855495223645,64.70659596329793
975,TT198-6C,-83.7181,1.2163,-3448.0,278.0,0.26410855495223645,73.42217827672174
976,TT198-6D,-83.71989999999998,1.2159,-3441.0,240.0,0.26410855495223645,63.38605318853675
977,TT198-6E,-83.7266,1.2159,-3446.0,213.0,0.26410855495223645,56.255122204826364
978,TT198-6F,-83.73,1.2165,-3459.0,219.0,0.26410855495223645,57.83977353453978
979,TT198-6G,-83.7322,1.2157,-3452.0,213.0,0.26410855495223645,56.255122204826364
980,TT198-6H,-83.7339,1.2273,-3453.0,230.0,0.26410855495223645,60.744967639014384
981,TT198-6I,-83.7209,1.2267,-3462.0,206.0,0.26410855495223645,54.40636232016071
982,TT198-6J,-83.715,1.2258,-3461.0,205.0,0.26410855495223645,54.14225376520847
983,TT198-6K,-83.71179999999998,1.2258,-3460.0,222.0,0.26410855495223645,58.63209919939649
984,TT198-6L,-83.71089999999998,1.2245,-3455.0,263.0,0.26410855495223645,69.46054995243819
985,TT198-6M,-83.709,1.2236,-3453.0,270.0,0.26410855495223645,71.30930983710384
986,TT198-6N,-83.7068,1.2212,-3466.0,242.0,0.26410855495223645,63.914270298441224
987,TT198-6O,-83.708,1.2172,-3462.0,219.0,0.26410855495223645,57.83977353453978
988,TT198-6P,-83.7107,1.2191,-3466.0,224.0,0.26410855495223645,59.16031630930097
989,TT198-6Q,-83.7108,1.222,-3469.0,257.0,0.26410855495223645,67.87589862272476
990,TT198-6R,-83.709,1.2206,-3468.0,249.0,0.26410855495223645,65.76303018310688
991,TT198-6S,-83.7065,1.2223,-3469.0,240.0,0.26410855495223645,63.38605318853675
992,TT198-6T,-83.7089,1.2224,-3459.0,360.0,0.26410855495223645,95.07907978280512
993,TT198-6U,-83.70879999999998,1.2219,-3470.0,273.0,0.26410855495223645,72.10163550196056
994,TT198-6V,-83.7082,1.2235,-3458.0,325.0,0.26410855495223645,85.83528035947684
995,TT198-6W,-83.7076,1.2251,-3459.0,247.0,0.26410855495223645,65.2348130732024
996,TT198-6X,-83.70699999999998,1.2239,-3458.0,256.0,0.26410855495223645,67.61179006777253
997,TT198-7,-83.70999999999998,1.2223,-3448.0,299.0,0.26410855495223645,78.9684579307187
998,TT198-8A,-83.69169999999998,1.2044,-3439.0,199.0,0.26410855495223645,52.557602435495056
999,TT198-8B,-83.6997,1.2039,-3444.0,174.0,0.26410855495223645,45.954888561689145
1000,TT198-8C,-83.71009999999998,1.204,-3445.0,180.0,0.26410855495223645,47.53953989140256
1001,TT198-8D,-83.7179,1.2031,-3450.0,172.0,0.26410855495223645,45.42667145178467
1002,TT198-8E,-83.7269,1.2034,-3452.0,168.0,0.26410855495223645,44.37023723197572
1003,TT198-8F,-83.7227,1.1941,-3460.0,236.0,0.26410855495223645,62.3296189687278
1004,TT198-8G,-83.7461,1.2031,-3443.0,209.0,0.26410855495223645,55.19868798501742
1005,TT198-8H,-83.75409999999998,1.2029,-3441.0,186.0,0.26410855495223645,49.12419122111598
1006,TT198-8I,-83.7634,1.2028,-3420.0,186.0,0.26410855495223645,49.12419122111598
1007,TT198-8J,-83.7722,1.2029,-3419.0,196.0,0.26410855495223645,51.765276770638344
1008,TT198-8K,-83.77259999999998,1.2149,-3452.0,179.0,0.26410855495223645,47.275431336450325
1009,TT198-8L,-83.7637,1.2112,-3470.0,171.0,0.26410855495223645,45.16256289683243
1010,TT198-8M,-83.7549,1.2108,-3465.0,175.0,0.26410855495223645,46.218997116641376
1011,TT198-8N,-83.745,1.2108,-3468.0,188.0,0.26410855495223645,49.65240833102045
1012,TT198-8O,-83.7448,1.2157,-3450.0,203.0,0.26410855495223645,53.614036655304
1013,TT198-9,-83.709,1.2227,-3446.0,280.0,0.26410855495223645,73.95039538662621
1014,TW65-1-1,-79.8833,5.9,-3075.0,155.0,5.35415256654281,829.8936478141355
1015,TW65-1-A,-79.8833,5.8833166665,-3214.0,147.0,5.35415256654281,787.0604272817931
1016,V18-140,-88.40484999999998,6.6166833335,-3247.0,128.0,3.771082149564693,482.6985151442807
1017,V18-141,-86.5,6.7215277780000005,-2892.0,42.85,3.1293583715505857,134.0930062209426
1018,V18-142,-85.7167,6.0666833335,-1819.0,126.0,1.9648479438376196,247.57084092354006
1019,V18-143,-85.2667,5.688211111,-1840.0,127.0,1.7859719748453724,226.8184408053623
1020,V18-144,-84.75,5.3,-3005.0,105.0,1.7859719748453724,187.5270573587641
1021,V18-145,-83.40484999999998,5.5548444445000005,-3064.0,144.0,2.025976878680938,291.740670530055
1022,V18-146,-82.08329999999998,6.1,-3031.0,144.0,2.7934371961412627,402.2549562443418
1023,V18-148,-80.7,6.7,-3424.0,128.0,5.21571401337063,667.6113937114407
1024,V19-10,-80.1333,3.2,-1711.0,79.04999999999998,4.044470027794066,319.71535569712086
1025,V19-11,-81.7,2.4666833335,-2398.0,83.85,1.4837546573925176,124.41282802236259
1026,V19-14,-84.65,-2.3666833335,-2724.0,5.0,3.0765570898482864,15.382785449241432
1027,V19-8,-78.9833,7.0666833335,-3345.0,115.0,8.351515414912214,960.4242727149046
1028,V19-9,-78.2667,4.9333166665,-3819.0,256.0,11.34690283121961,2904.8071247922203
1029,V20-11,-80.65,6.067,-3131.0,138.0,3.8930612562916496,537.2424533682477
1030,V20-12,-84.283,6.95,-1736.0,87.0,2.918326605456889,253.89441467474936
1031,V20-17,-101.35,7.733,-3288.0,150.0,19.43381181318687,2915.0717719780305
1032,V20-18,-102.117,7.517,-3166.0,174.0,23.08524038461548,4016.8318269230936
1033,V21-182,-97.46700000000001,0.833,-3446.0,178.0,11.669217680893132,2077.1207471989774
1034,V21-183,-95.333,1.483,-3177.0,667.0,6.392130326086931,4263.550927499983
1035,V21-185,-88.38299999999998,3.0,-1443.0,39.0,1.1477032432738214,44.760426487679034
1036,V21-186,-85.13299999999998,2.833,-3338.0,36.0,0.41691172473058075,15.008822090300907
1037,V21-188,-80.63299999999998,3.833,-2246.0,98.0,2.8500990290981956,279.30970485162317
1038,V21-189,-79.167,4.4,-3418.0,156.0,6.343395178158433,989.5696477927155
1039,V21-191,-78.95,6.183,-3244.0,176.0,7.028862657833235,1237.0798277786494
1040,V21-192,-78.56699999999998,7.25,-2763.0,76.0,13.35502306797339,1014.9817531659776
1041,V21-193,-79.4,6.917,-3277.0,98.0,8.351515414912214,818.448510661397
1042,V21-23,-81.5,5.717,-1359.0,130.0,3.8930612562916496,506.09796331791443
1043,V21-26,-87.283,1.083,-2714.0,210.0,0.6122447037974218,128.57138779745858
1044,V21-27,-89.34999999999998,-1.005,-712.0,97.0,5.197592491492522,504.1664716747746
1045,V21-28,-89.683,-1.217,-617.0,96.0,6.990704736390504,671.1076546934884
1046,V21-29,-90.4667,-1.8333,-3334.0,139.0,8.744276164961951,1215.4543869297113
1047,V24-22,-85.2167,6.5,-1878.0,95.95,2.9504824025583383,283.0987865254726
1048,V24-23,-87.34999999999998,6.9333,-3155.0,126.0,3.4156486941312356,430.37173546053566
1049,V24-24,-90.6167,6.3167,-3647.0,36.0,5.085534894936192,183.0792562177029
1050,V24-25,-93.5667,4.8833,-3415.0,29.0,4.3683641501319705,126.68256035382714
1051,V24-26,-97.1333,3.0667,-3206.0,57.0,9.098545495935243,518.6170932683088
1052,V28-61,-81.29999999999998,6.533,-1944.0,72.0,5.21571401337063,375.53140896268536
1053,V28-62,-80.88299999999998,6.15,-2634.0,74.0,3.8930612562916496,288.0865329655821
1054,V28-63,-82.9,7.517,-2470.0,8.0,6.370058207188518,50.960465657508145
1055,V28-64,-85.233,6.583,-1972.0,173.0,2.9504824025583383,510.43345564259255
1056,V28-65,-85.667,5.5,-1842.0,102.0,1.9648479438376196,200.4144902714372
1057,V28-66,-86.29999999999998,5.45,-1655.0,173.0,1.9648479438376196,339.9186942839082
1058,V28-68,-86.88299999999998,5.383,-1847.0,491.0,2.251138266418269,1105.30888881137
1059,V28-69,-87.367,5.183,-2265.0,65.0,1.5062930753774213,97.90904989953239
1060,V28-71,-87.083,5.333,-1534.0,89.0,2.251138266418269,200.35130571122593
1061,V28-72,-88.45,3.683,-1968.0,281.0,1.2976648408160663,364.64382026931463
1063,V28-75,-92.117,3.867,-2882.0,35.0,3.1992604433304286,111.974115516565
1064,V28-76,-97.283,6.35,-3630.0,173.0,8.705274993289713,1506.0125738391203
1065,V28-77,-98.4,6.867,-3574.0,30.0,9.465989279004004,283.97967837012015
1066,V28-78,-100.183,7.3,-3347.0,67.0,17.694791542916633,1185.5510333754144
